file,line,type,commit,author,date,time,timezone,datetime,depth,length
style.css,1,css,e38648c2,willchiu,2025-10-18,00:45:28,-07:00,2025-10-18T00:45:28-07:00,0,16
style.css,2,css,7894101c,willchiu,2025-10-10,15:38:21,-07:00,2025-10-10T15:38:21-07:00,0,1
style.css,3,css,7894101c,willchiu,2025-10-10,15:38:21,-07:00,2025-10-10T15:38:21-07:00,2,8
style.css,4,css,7894101c,willchiu,2025-10-10,15:38:21,-07:00,2025-10-10T15:38:21-07:00,2,9
style.css,5,css,7894101c,willchiu,2025-10-10,15:38:21,-07:00,2025-10-10T15:38:21-07:00,2,21
style.css,6,css,e38648c2,willchiu,2025-10-18,00:45:28,-07:00,2025-10-18T00:45:28-07:00,0,0
style.css,7,css,e38648c2,willchiu,2025-10-18,00:45:28,-07:00,2025-10-18T00:45:28-07:00,0,0
style.css,8,css,e38648c2,willchiu,2025-10-18,00:45:28,-07:00,2025-10-18T00:45:28-07:00,0,18
style.css,9,css,e38648c2,willchiu,2025-10-18,00:45:28,-07:00,2025-10-18T00:45:28-07:00,0,5
style.css,10,css,7894101c,willchiu,2025-10-10,15:38:21,-07:00,2025-10-10T15:38:21-07:00,2,42
style.css,11,css,7894101c,willchiu,2025-10-10,15:38:21,-07:00,2025-10-10T15:38:21-07:00,2,47
style.css,12,css,e38648c2,willchiu,2025-10-18,00:45:28,-07:00,2025-10-18T00:45:28-07:00,2,31
style.css,13,css,e38648c2,willchiu,2025-10-18,00:45:28,-07:00,2025-10-18T00:45:28-07:00,2,16
style.css,14,css,b1114659,willchiu,2025-10-24,18:22:50,-07:00,2025-10-24T18:22:50-07:00,2,68
style.css,15,css,b1114659,willchiu,2025-10-24,18:22:50,-07:00,2025-10-24T18:22:50-07:00,2,72
style.css,16,css,b1114659,willchiu,2025-10-24,18:22:50,-07:00,2025-10-24T18:22:50-07:00,2,50
style.css,17,css,e38648c2,willchiu,2025-10-18,00:45:28,-07:00,2025-10-18T00:45:28-07:00,0,0
style.css,18,css,e38648c2,willchiu,2025-10-18,00:45:28,-07:00,2025-10-18T00:45:28-07:00,0,0
style.css,19,css,e38648c2,willchiu,2025-10-18,00:45:28,-07:00,2025-10-18T00:45:28-07:00,0,42
style.css,20,css,e38648c2,willchiu,2025-10-18,00:45:28,-07:00,2025-10-18T00:45:28-07:00,0,10
style.css,21,css,e38648c2,willchiu,2025-10-18,00:45:28,-07:00,2025-10-18T00:45:28-07:00,2,19
style.css,22,css,e38648c2,willchiu,2025-10-18,00:45:28,-07:00,2025-10-18T00:45:28-07:00,2,51
style.css,23,css,e38648c2,willchiu,2025-10-18,00:45:28,-07:00,2025-10-18T00:45:28-07:00,2,17
style.css,24,css,e38648c2,willchiu,2025-10-18,00:45:28,-07:00,2025-10-18T00:45:28-07:00,0,0
style.css,25,css,e38648c2,willchiu,2025-10-18,00:45:28,-07:00,2025-10-18T00:45:28-07:00,0,0
style.css,26,css,e38648c2,willchiu,2025-10-18,00:45:28,-07:00,2025-10-18T00:45:28-07:00,0,10
style.css,27,css,e38648c2,willchiu,2025-10-18,00:45:28,-07:00,2025-10-18T00:45:28-07:00,2,21
style.css,28,css,e38648c2,willchiu,2025-10-18,00:45:28,-07:00,2025-10-18T00:45:28-07:00,2,53
style.css,29,css,e38648c2,willchiu,2025-10-18,00:45:28,-07:00,2025-10-18T00:45:28-07:00,2,17
style.css,30,css,e38648c2,willchiu,2025-10-18,00:45:28,-07:00,2025-10-18T00:45:28-07:00,0,0
style.css,31,css,e38648c2,willchiu,2025-10-18,00:45:28,-07:00,2025-10-18T00:45:28-07:00,0,0
style.css,32,css,e38648c2,willchiu,2025-10-18,00:45:28,-07:00,2025-10-18T00:45:28-07:00,0,20
style.css,33,css,7894101c,willchiu,2025-10-10,15:38:21,-07:00,2025-10-10T15:38:21-07:00,2,26
style.css,34,css,7894101c,willchiu,2025-10-10,15:38:21,-07:00,2025-10-10T15:38:21-07:00,2,28
style.css,35,css,7894101c,willchiu,2025-10-10,15:38:21,-07:00,2025-10-10T15:38:21-07:00,2,29
style.css,36,css,e38648c2,willchiu,2025-10-18,00:45:28,-07:00,2025-10-18T00:45:28-07:00,2,33
style.css,37,css,e38648c2,willchiu,2025-10-18,00:45:28,-07:00,2025-10-18T00:45:28-07:00,2,71
style.css,38,css,e38648c2,willchiu,2025-10-18,00:45:28,-07:00,2025-10-18T00:45:28-07:00,0,0
style.css,39,css,e38648c2,willchiu,2025-10-18,00:45:28,-07:00,2025-10-18T00:45:28-07:00,0,0
style.css,40,css,e38648c2,willchiu,2025-10-18,00:45:28,-07:00,2025-10-18T00:45:28-07:00,0,19
style.css,41,css,e38648c2,willchiu,2025-10-18,00:45:28,-07:00,2025-10-18T00:45:28-07:00,2,26
style.css,42,css,e38648c2,willchiu,2025-10-18,00:45:28,-07:00,2025-10-18T00:45:28-07:00,2,28
style.css,43,css,e38648c2,willchiu,2025-10-18,00:45:28,-07:00,2025-10-18T00:45:28-07:00,2,29
style.css,44,css,e38648c2,willchiu,2025-10-18,00:45:28,-07:00,2025-10-18T00:45:28-07:00,2,33
style.css,45,css,e38648c2,willchiu,2025-10-18,00:45:28,-07:00,2025-10-18T00:45:28-07:00,2,70
style.css,46,css,e38648c2,willchiu,2025-10-18,00:45:28,-07:00,2025-10-18T00:45:28-07:00,0,0
style.css,47,css,e38648c2,willchiu,2025-10-18,00:45:28,-07:00,2025-10-18T00:45:28-07:00,0,0
style.css,48,css,e38648c2,willchiu,2025-10-18,00:45:28,-07:00,2025-10-18T00:45:28-07:00,0,17
style.css,49,css,e38648c2,willchiu,2025-10-18,00:45:28,-07:00,2025-10-18T00:45:28-07:00,0,4
style.css,50,css,e38648c2,willchiu,2025-10-18,00:45:28,-07:00,2025-10-18T00:45:28-07:00,2,23
style.css,51,css,b1114659,willchiu,2025-10-24,18:22:50,-07:00,2025-10-24T18:22:50-07:00,2,31
style.css,52,css,e38648c2,willchiu,2025-10-18,00:45:28,-07:00,2025-10-18T00:45:28-07:00,0,0
style.css,53,css,e38648c2,willchiu,2025-10-18,00:45:28,-07:00,2025-10-18T00:45:28-07:00,0,0
style.css,54,css,e38648c2,willchiu,2025-10-18,00:45:28,-07:00,2025-10-18T00:45:28-07:00,0,4
style.css,55,css,7894101c,willchiu,2025-10-10,15:38:21,-07:00,2025-10-10T15:38:21-07:00,2,28
style.css,56,css,7894101c,willchiu,2025-10-10,15:38:21,-07:00,2025-10-10T15:38:21-07:00,2,32
style.css,57,css,7894101c,willchiu,2025-10-10,15:38:21,-07:00,2025-10-10T15:38:21-07:00,2,23
style.css,58,css,b1114659,willchiu,2025-10-24,18:22:50,-07:00,2025-10-24T18:22:50-07:00,2,50
style.css,59,css,e38648c2,willchiu,2025-10-18,00:45:28,-07:00,2025-10-18T00:45:28-07:00,2,8
style.css,60,css,b1114659,willchiu,2025-10-24,18:22:50,-07:00,2025-10-24T18:22:50-07:00,2,27
style.css,61,css,e38648c2,willchiu,2025-10-18,00:45:28,-07:00,2025-10-18T00:45:28-07:00,2,42
style.css,62,css,e38648c2,willchiu,2025-10-18,00:45:28,-07:00,2025-10-18T00:45:28-07:00,0,0
style.css,63,css,e38648c2,willchiu,2025-10-18,00:45:28,-07:00,2025-10-18T00:45:28-07:00,0,0
style.css,64,css,e38648c2,willchiu,2025-10-18,00:45:28,-07:00,2025-10-18T00:45:28-07:00,0,12
style.css,65,css,e38648c2,willchiu,2025-10-18,00:45:28,-07:00,2025-10-18T00:45:28-07:00,0,10
style.css,66,css,7894101c,willchiu,2025-10-10,15:38:21,-07:00,2025-10-10T15:38:21-07:00,2,31
style.css,67,css,7894101c,willchiu,2025-10-10,15:38:21,-07:00,2025-10-10T15:38:21-07:00,2,15
style.css,68,css,b1114659,willchiu,2025-10-24,18:22:50,-07:00,2025-10-24T18:22:50-07:00,2,33
style.css,69,css,b1114659,willchiu,2025-10-24,18:22:50,-07:00,2025-10-24T18:22:50-07:00,2,15
style.css,70,css,e38648c2,willchiu,2025-10-18,00:45:28,-07:00,2025-10-18T00:45:28-07:00,0,0
style.css,71,css,e38648c2,willchiu,2025-10-18,00:45:28,-07:00,2025-10-18T00:45:28-07:00,0,0
style.css,72,css,e38648c2,willchiu,2025-10-18,00:45:28,-07:00,2025-10-18T00:45:28-07:00,0,2
style.css,73,css,b1114659,willchiu,2025-10-24,18:22:50,-07:00,2025-10-24T18:22:50-07:00,2,34
style.css,74,css,e38648c2,willchiu,2025-10-18,00:45:28,-07:00,2025-10-18T00:45:28-07:00,0,0
style.css,75,css,e38648c2,willchiu,2025-10-18,00:45:28,-07:00,2025-10-18T00:45:28-07:00,0,0
style.css,76,css,e38648c2,willchiu,2025-10-18,00:45:28,-07:00,2025-10-18T00:45:28-07:00,0,2
style.css,77,css,b1114659,willchiu,2025-10-24,18:22:50,-07:00,2025-10-24T18:22:50-07:00,2,57
style.css,78,css,b1114659,willchiu,2025-10-24,18:22:50,-07:00,2025-10-24T18:22:50-07:00,0,0
style.css,79,css,b1114659,willchiu,2025-10-24,18:22:50,-07:00,2025-10-24T18:22:50-07:00,0,0
style.css,80,css,b1114659,willchiu,2025-10-24,18:22:50,-07:00,2025-10-24T18:22:50-07:00,0,2
style.css,81,css,b1114659,willchiu,2025-10-24,18:22:50,-07:00,2025-10-24T18:22:50-07:00,2,53
style.css,82,css,e38648c2,willchiu,2025-10-18,00:45:28,-07:00,2025-10-18T00:45:28-07:00,0,0
style.css,83,css,e38648c2,willchiu,2025-10-18,00:45:28,-07:00,2025-10-18T00:45:28-07:00,0,0
style.css,84,css,e38648c2,willchiu,2025-10-18,00:45:28,-07:00,2025-10-18T00:45:28-07:00,0,6
style.css,85,css,7894101c,willchiu,2025-10-10,15:38:21,-07:00,2025-10-10T15:38:21-07:00,2,17
style.css,86,css,e38648c2,willchiu,2025-10-18,00:45:28,-07:00,2025-10-18T00:45:28-07:00,0,0
style.css,87,css,e38648c2,willchiu,2025-10-18,00:45:28,-07:00,2025-10-18T00:45:28-07:00,0,0
style.css,88,css,e38648c2,willchiu,2025-10-18,00:45:28,-07:00,2025-10-18T00:45:28-07:00,0,20
style.css,89,css,7894101c,willchiu,2025-10-10,15:38:21,-07:00,2025-10-10T15:38:21-07:00,2,10
style.css,90,css,7894101c,willchiu,2025-10-10,15:38:21,-07:00,2025-10-10T15:38:21-07:00,2,17
style.css,91,css,7894101c,willchiu,2025-10-10,15:38:21,-07:00,2025-10-10T15:38:21-07:00,2,13
style.css,92,css,7894101c,willchiu,2025-10-10,15:38:21,-07:00,2025-10-10T15:38:21-07:00,2,6
style.css,93,css,7894101c,willchiu,2025-10-10,15:38:21,-07:00,2025-10-10T15:38:21-07:00,2,9
style.css,94,css,7894101c,willchiu,2025-10-10,15:38:21,-07:00,2025-10-10T15:38:21-07:00,2,13
style.css,95,css,7894101c,willchiu,2025-10-10,15:38:21,-07:00,2025-10-10T15:38:21-07:00,2,36
style.css,96,css,7894101c,willchiu,2025-10-10,15:38:21,-07:00,2025-10-10T15:38:21-07:00,2,19
style.css,97,css,e38648c2,willchiu,2025-10-18,00:45:28,-07:00,2025-10-18T00:45:28-07:00,0,0
style.css,98,css,e38648c2,willchiu,2025-10-18,00:45:28,-07:00,2025-10-18T00:45:28-07:00,0,0
style.css,99,css,e38648c2,willchiu,2025-10-18,00:45:28,-07:00,2025-10-18T00:45:28-07:00,0,18
style.css,100,css,e38648c2,willchiu,2025-10-18,00:45:28,-07:00,2025-10-18T00:45:28-07:00,0,3
style.css,101,css,7894101c,willchiu,2025-10-10,15:38:21,-07:00,2025-10-10T15:38:21-07:00,2,12
style.css,102,css,7894101c,willchiu,2025-10-10,15:38:21,-07:00,2025-10-10T15:38:21-07:00,2,22
style.css,103,css,b1114659,willchiu,2025-10-24,18:22:50,-07:00,2025-10-24T18:22:50-07:00,2,23
style.css,104,css,b1114659,willchiu,2025-10-24,18:22:50,-07:00,2025-10-24T18:22:50-07:00,2,29
style.css,105,css,e38648c2,willchiu,2025-10-18,00:45:28,-07:00,2025-10-18T00:45:28-07:00,2,32
style.css,106,css,e38648c2,willchiu,2025-10-18,00:45:28,-07:00,2025-10-18T00:45:28-07:00,2,42
style.css,107,css,7894101c,willchiu,2025-10-10,15:38:21,-07:00,2025-10-10T15:38:21-07:00,2,20
style.css,108,css,e38648c2,willchiu,2025-10-18,00:45:28,-07:00,2025-10-18T00:45:28-07:00,2,54
style.css,109,css,e38648c2,willchiu,2025-10-18,00:45:28,-07:00,2025-10-18T00:45:28-07:00,0,0
style.css,110,css,e38648c2,willchiu,2025-10-18,00:45:28,-07:00,2025-10-18T00:45:28-07:00,0,0
style.css,111,css,e38648c2,willchiu,2025-10-18,00:45:28,-07:00,2025-10-18T00:45:28-07:00,0,5
style.css,112,css,7894101c,willchiu,2025-10-10,15:38:21,-07:00,2025-10-10T15:38:21-07:00,2,20
style.css,113,css,7894101c,willchiu,2025-10-10,15:38:21,-07:00,2025-10-10T15:38:21-07:00,2,23
style.css,114,css,7894101c,willchiu,2025-10-10,15:38:21,-07:00,2025-10-10T15:38:21-07:00,2,15
style.css,115,css,7894101c,willchiu,2025-10-10,15:38:21,-07:00,2025-10-10T15:38:21-07:00,2,17
style.css,116,css,b1114659,willchiu,2025-10-24,18:22:50,-07:00,2025-10-24T18:22:50-07:00,2,35
style.css,117,css,b1114659,willchiu,2025-10-24,18:22:50,-07:00,2025-10-24T18:22:50-07:00,2,40
style.css,118,css,e38648c2,willchiu,2025-10-18,00:45:28,-07:00,2025-10-18T00:45:28-07:00,2,54
style.css,119,css,e38648c2,willchiu,2025-10-18,00:45:28,-07:00,2025-10-18T00:45:28-07:00,0,0
style.css,120,css,e38648c2,willchiu,2025-10-18,00:45:28,-07:00,2025-10-18T00:45:28-07:00,0,0
style.css,121,css,e38648c2,willchiu,2025-10-18,00:45:28,-07:00,2025-10-18T00:45:28-07:00,0,11
style.css,122,css,e38648c2,willchiu,2025-10-18,00:45:28,-07:00,2025-10-18T00:45:28-07:00,2,39
style.css,123,css,e38648c2,willchiu,2025-10-18,00:45:28,-07:00,2025-10-18T00:45:28-07:00,2,21
style.css,124,css,e38648c2,willchiu,2025-10-18,00:45:28,-07:00,2025-10-18T00:45:28-07:00,0,0
style.css,125,css,e38648c2,willchiu,2025-10-18,00:45:28,-07:00,2025-10-18T00:45:28-07:00,0,0
style.css,126,css,e38648c2,willchiu,2025-10-18,00:45:28,-07:00,2025-10-18T00:45:28-07:00,0,13
style.css,127,css,e38648c2,willchiu,2025-10-18,00:45:28,-07:00,2025-10-18T00:45:28-07:00,2,45
style.css,128,css,e38648c2,willchiu,2025-10-18,00:45:28,-07:00,2025-10-18T00:45:28-07:00,2,16
style.css,129,css,e38648c2,willchiu,2025-10-18,00:45:28,-07:00,2025-10-18T00:45:28-07:00,0,0
style.css,130,css,e38648c2,willchiu,2025-10-18,00:45:28,-07:00,2025-10-18T00:45:28-07:00,0,0
style.css,131,css,e38648c2,willchiu,2025-10-18,00:45:28,-07:00,2025-10-18T00:45:28-07:00,0,16
style.css,132,css,e38648c2,willchiu,2025-10-18,00:45:28,-07:00,2025-10-18T00:45:28-07:00,0,4
style.css,133,css,be0e8507,willchiu,2025-10-31,18:36:13,-07:00,2025-10-31T18:36:13-07:00,2,34
style.css,134,css,be0e8507,willchiu,2025-10-31,18:36:13,-07:00,2025-10-31T18:36:13-07:00,2,13
style.css,135,css,be0e8507,willchiu,2025-10-31,18:36:13,-07:00,2025-10-31T18:36:13-07:00,2,13
style.css,136,css,7894101c,willchiu,2025-10-10,15:38:21,-07:00,2025-10-10T15:38:21-07:00,2,12
style.css,137,css,b1114659,willchiu,2025-10-24,18:22:50,-07:00,2025-10-24T18:22:50-07:00,2,23
style.css,138,css,e38648c2,willchiu,2025-10-18,00:45:28,-07:00,2025-10-18T00:45:28-07:00,0,0
style.css,139,css,e38648c2,willchiu,2025-10-18,00:45:28,-07:00,2025-10-18T00:45:28-07:00,0,0
style.css,140,css,e38648c2,willchiu,2025-10-18,00:45:28,-07:00,2025-10-18T00:45:28-07:00,0,3
style.css,141,css,7894101c,willchiu,2025-10-10,15:38:21,-07:00,2025-10-10T15:38:21-07:00,2,13
style.css,142,css,b1114659,willchiu,2025-10-24,18:22:50,-07:00,2025-10-24T18:22:50-07:00,2,51
style.css,143,css,7894101c,willchiu,2025-10-10,15:38:21,-07:00,2025-10-10T15:38:21-07:00,2,11
style.css,144,css,b1114659,willchiu,2025-10-24,18:22:50,-07:00,2025-10-24T18:22:50-07:00,2,48
style.css,145,css,b1114659,willchiu,2025-10-24,18:22:50,-07:00,2025-10-24T18:22:50-07:00,2,28
style.css,146,css,7894101c,willchiu,2025-10-10,15:38:21,-07:00,2025-10-10T15:38:21-07:00,2,52
style.css,147,css,e38648c2,willchiu,2025-10-18,00:45:28,-07:00,2025-10-18T00:45:28-07:00,0,0
style.css,148,css,e38648c2,willchiu,2025-10-18,00:45:28,-07:00,2025-10-18T00:45:28-07:00,0,0
style.css,149,css,e38648c2,willchiu,2025-10-18,00:45:28,-07:00,2025-10-18T00:45:28-07:00,0,9
style.css,150,css,7894101c,willchiu,2025-10-10,15:38:21,-07:00,2025-10-10T15:38:21-07:00,2,26
style.css,151,css,7894101c,willchiu,2025-10-10,15:38:21,-07:00,2025-10-10T15:38:21-07:00,2,48
style.css,152,css,e38648c2,willchiu,2025-10-18,00:45:28,-07:00,2025-10-18T00:45:28-07:00,0,0
style.css,153,css,e38648c2,willchiu,2025-10-18,00:45:28,-07:00,2025-10-18T00:45:28-07:00,0,0
style.css,154,css,e38648c2,willchiu,2025-10-18,00:45:28,-07:00,2025-10-18T00:45:28-07:00,0,7
style.css,155,css,7894101c,willchiu,2025-10-10,15:38:21,-07:00,2025-10-10T15:38:21-07:00,2,20
style.css,156,css,7894101c,willchiu,2025-10-10,15:38:21,-07:00,2025-10-10T15:38:21-07:00,2,20
style.css,157,css,7894101c,willchiu,2025-10-10,15:38:21,-07:00,2025-10-10T15:38:21-07:00,2,36
style.css,158,css,7894101c,willchiu,2025-10-10,15:38:21,-07:00,2025-10-10T15:38:21-07:00,2,13
style.css,159,css,b1114659,willchiu,2025-10-24,18:22:50,-07:00,2025-10-24T18:22:50-07:00,2,41
style.css,160,css,7894101c,willchiu,2025-10-10,15:38:21,-07:00,2025-10-10T15:38:21-07:00,2,19
style.css,161,css,7894101c,willchiu,2025-10-10,15:38:21,-07:00,2025-10-10T15:38:21-07:00,2,15
style.css,162,css,b1114659,willchiu,2025-10-24,18:22:50,-07:00,2025-10-24T18:22:50-07:00,2,40
style.css,163,css,7894101c,willchiu,2025-10-10,15:38:21,-07:00,2025-10-10T15:38:21-07:00,2,58
style.css,164,css,e38648c2,willchiu,2025-10-18,00:45:28,-07:00,2025-10-18T00:45:28-07:00,0,0
style.css,165,css,e38648c2,willchiu,2025-10-18,00:45:28,-07:00,2025-10-18T00:45:28-07:00,0,0
style.css,166,css,e38648c2,willchiu,2025-10-18,00:45:28,-07:00,2025-10-18T00:45:28-07:00,0,13
style.css,167,css,7894101c,willchiu,2025-10-10,15:38:21,-07:00,2025-10-10T15:38:21-07:00,2,33
style.css,168,css,7894101c,willchiu,2025-10-10,15:38:21,-07:00,2025-10-10T15:38:21-07:00,2,26
style.css,169,css,e38648c2,willchiu,2025-10-18,00:45:28,-07:00,2025-10-18T00:45:28-07:00,0,0
style.css,170,css,e38648c2,willchiu,2025-10-18,00:45:28,-07:00,2025-10-18T00:45:28-07:00,0,0
style.css,171,css,e38648c2,willchiu,2025-10-18,00:45:28,-07:00,2025-10-18T00:45:28-07:00,0,20
style.css,172,css,7894101c,willchiu,2025-10-10,15:38:21,-07:00,2025-10-10T15:38:21-07:00,2,33
style.css,173,css,7894101c,willchiu,2025-10-10,15:38:21,-07:00,2025-10-10T15:38:21-07:00,2,47
style.css,174,css,e38648c2,willchiu,2025-10-18,00:45:28,-07:00,2025-10-18T00:45:28-07:00,0,0
style.css,175,css,e38648c2,willchiu,2025-10-18,00:45:28,-07:00,2025-10-18T00:45:28-07:00,0,0
style.css,176,css,e38648c2,willchiu,2025-10-18,00:45:28,-07:00,2025-10-18T00:45:28-07:00,0,7
style.css,177,css,e38648c2,willchiu,2025-10-18,00:45:28,-07:00,2025-10-18T00:45:28-07:00,2,40
style.css,178,css,e38648c2,willchiu,2025-10-18,00:45:28,-07:00,2025-10-18T00:45:28-07:00,2,23
style.css,179,css,b1114659,willchiu,2025-10-24,18:22:50,-07:00,2025-10-24T18:22:50-07:00,2,34
style.css,180,css,b1114659,willchiu,2025-10-24,18:22:50,-07:00,2025-10-24T18:22:50-07:00,2,48
style.css,181,css,b1114659,willchiu,2025-10-24,18:22:50,-07:00,2025-10-24T18:22:50-07:00,2,67
style.css,182,css,e38648c2,willchiu,2025-10-18,00:45:28,-07:00,2025-10-18T00:45:28-07:00,2,80
style.css,183,css,b1114659,willchiu,2025-10-24,18:22:50,-07:00,2025-10-24T18:22:50-07:00,2,40
style.css,184,css,b1114659,willchiu,2025-10-24,18:22:50,-07:00,2025-10-24T18:22:50-07:00,0,0
style.css,185,css,b1114659,willchiu,2025-10-24,18:22:50,-07:00,2025-10-24T18:22:50-07:00,0,0
style.css,186,css,b1114659,willchiu,2025-10-24,18:22:50,-07:00,2025-10-24T18:22:50-07:00,0,11
style.css,187,css,b1114659,willchiu,2025-10-24,18:22:50,-07:00,2025-10-24T18:22:50-07:00,2,49
style.css,188,css,b1114659,willchiu,2025-10-24,18:22:50,-07:00,2025-10-24T18:22:50-07:00,2,39
style.css,189,css,b1114659,willchiu,2025-10-24,18:22:50,-07:00,2025-10-24T18:22:50-07:00,2,48
style.css,190,css,b1114659,willchiu,2025-10-24,18:22:50,-07:00,2025-10-24T18:22:50-07:00,0,0
style.css,191,css,b1114659,willchiu,2025-10-24,18:22:50,-07:00,2025-10-24T18:22:50-07:00,0,0
style.css,192,css,b1114659,willchiu,2025-10-24,18:22:50,-07:00,2025-10-24T18:22:50-07:00,0,22
style.css,193,css,b1114659,willchiu,2025-10-24,18:22:50,-07:00,2025-10-24T18:22:50-07:00,2,41
style.css,194,css,b1114659,willchiu,2025-10-24,18:22:50,-07:00,2025-10-24T18:22:50-07:00,2,41
style.css,195,css,b1114659,willchiu,2025-10-24,18:22:50,-07:00,2025-10-24T18:22:50-07:00,0,0
style.css,196,css,b1114659,willchiu,2025-10-24,18:22:50,-07:00,2025-10-24T18:22:50-07:00,0,0
style.css,197,css,b1114659,willchiu,2025-10-24,18:22:50,-07:00,2025-10-24T18:22:50-07:00,0,9
style.css,198,css,b1114659,willchiu,2025-10-24,18:22:50,-07:00,2025-10-24T18:22:50-07:00,2,51
style.css,199,css,b1114659,willchiu,2025-10-24,18:22:50,-07:00,2025-10-24T18:22:50-07:00,2,41
style.css,200,css,e38648c2,willchiu,2025-10-18,00:45:28,-07:00,2025-10-18T00:45:28-07:00,0,0
style.css,201,css,e38648c2,willchiu,2025-10-18,00:45:28,-07:00,2025-10-18T00:45:28-07:00,0,0
style.css,202,css,e38648c2,willchiu,2025-10-18,00:45:28,-07:00,2025-10-18T00:45:28-07:00,0,13
style.css,203,css,b1114659,willchiu,2025-10-24,18:22:50,-07:00,2025-10-24T18:22:50-07:00,2,53
style.css,204,css,b1114659,willchiu,2025-10-24,18:22:50,-07:00,2025-10-24T18:22:50-07:00,2,75
style.css,205,css,e38648c2,willchiu,2025-10-18,00:45:28,-07:00,2025-10-18T00:45:28-07:00,0,0
style.css,206,css,e38648c2,willchiu,2025-10-18,00:45:28,-07:00,2025-10-18T00:45:28-07:00,0,0
style.css,207,css,e38648c2,willchiu,2025-10-18,00:45:28,-07:00,2025-10-18T00:45:28-07:00,0,15
style.css,208,css,e38648c2,willchiu,2025-10-18,00:45:28,-07:00,2025-10-18T00:45:28-07:00,0,4
style.css,209,css,e38648c2,willchiu,2025-10-18,00:45:28,-07:00,2025-10-18T00:45:28-07:00,2,12
style.css,210,css,e38648c2,willchiu,2025-10-18,00:45:28,-07:00,2025-10-18T00:45:28-07:00,2,30
style.css,211,css,e38648c2,willchiu,2025-10-18,00:45:28,-07:00,2025-10-18T00:45:28-07:00,2,7
style.css,212,css,e38648c2,willchiu,2025-10-18,00:45:28,-07:00,2025-10-18T00:45:28-07:00,2,15
style.css,213,css,e38648c2,willchiu,2025-10-18,00:45:28,-07:00,2025-10-18T00:45:28-07:00,0,0
style.css,214,css,e38648c2,willchiu,2025-10-18,00:45:28,-07:00,2025-10-18T00:45:28-07:00,0,0
style.css,215,css,e38648c2,willchiu,2025-10-18,00:45:28,-07:00,2025-10-18T00:45:28-07:00,0,10
style.css,216,css,e38648c2,willchiu,2025-10-18,00:45:28,-07:00,2025-10-18T00:45:28-07:00,2,13
style.css,217,css,e38648c2,willchiu,2025-10-18,00:45:28,-07:00,2025-10-18T00:45:28-07:00,2,18
style.css,218,css,e38648c2,willchiu,2025-10-18,00:45:28,-07:00,2025-10-18T00:45:28-07:00,2,16
style.css,219,css,e38648c2,willchiu,2025-10-18,00:45:28,-07:00,2025-10-18T00:45:28-07:00,0,0
style.css,220,css,e38648c2,willchiu,2025-10-18,00:45:28,-07:00,2025-10-18T00:45:28-07:00,0,0
style.css,221,css,e38648c2,willchiu,2025-10-18,00:45:28,-07:00,2025-10-18T00:45:28-07:00,0,9
style.css,222,css,e38648c2,willchiu,2025-10-18,00:45:28,-07:00,2025-10-18T00:45:28-07:00,0,13
style.css,223,css,e38648c2,willchiu,2025-10-18,00:45:28,-07:00,2025-10-18T00:45:28-07:00,2,13
style.css,224,css,e38648c2,willchiu,2025-10-18,00:45:28,-07:00,2025-10-18T00:45:28-07:00,2,10
style.css,225,css,e38648c2,willchiu,2025-10-18,00:45:28,-07:00,2025-10-18T00:45:28-07:00,2,21
style.css,226,css,e38648c2,willchiu,2025-10-18,00:45:28,-07:00,2025-10-18T00:45:28-07:00,2,12
style.css,227,css,e38648c2,willchiu,2025-10-18,00:45:28,-07:00,2025-10-18T00:45:28-07:00,2,13
style.css,228,css,e38648c2,willchiu,2025-10-18,00:45:28,-07:00,2025-10-18T00:45:28-07:00,2,35
style.css,229,css,e38648c2,willchiu,2025-10-18,00:45:28,-07:00,2025-10-18T00:45:28-07:00,2,19
style.css,230,css,e38648c2,willchiu,2025-10-18,00:45:28,-07:00,2025-10-18T00:45:28-07:00,2,32
style.css,231,css,e38648c2,willchiu,2025-10-18,00:45:28,-07:00,2025-10-18T00:45:28-07:00,2,23
style.css,232,css,e38648c2,willchiu,2025-10-18,00:45:28,-07:00,2025-10-18T00:45:28-07:00,0,0
style.css,233,css,e38648c2,willchiu,2025-10-18,00:45:28,-07:00,2025-10-18T00:45:28-07:00,0,0
style.css,234,css,e38648c2,willchiu,2025-10-18,00:45:28,-07:00,2025-10-18T00:45:28-07:00,0,11
style.css,235,css,e38648c2,willchiu,2025-10-18,00:45:28,-07:00,2025-10-18T00:45:28-07:00,2,18
style.css,236,css,e38648c2,willchiu,2025-10-18,00:45:28,-07:00,2025-10-18T00:45:28-07:00,2,14
style.css,237,css,e38648c2,willchiu,2025-10-18,00:45:28,-07:00,2025-10-18T00:45:28-07:00,2,17
style.css,238,css,e38648c2,willchiu,2025-10-18,00:45:28,-07:00,2025-10-18T00:45:28-07:00,2,36
style.css,239,css,e38648c2,willchiu,2025-10-18,00:45:28,-07:00,2025-10-18T00:45:28-07:00,2,21
style.css,240,css,e38648c2,willchiu,2025-10-18,00:45:28,-07:00,2025-10-18T00:45:28-07:00,2,11
style.css,241,css,e38648c2,willchiu,2025-10-18,00:45:28,-07:00,2025-10-18T00:45:28-07:00,2,19
style.css,242,css,e38648c2,willchiu,2025-10-18,00:45:28,-07:00,2025-10-18T00:45:28-07:00,2,14
style.css,243,css,e38648c2,willchiu,2025-10-18,00:45:28,-07:00,2025-10-18T00:45:28-07:00,2,12
style.css,244,css,e38648c2,willchiu,2025-10-18,00:45:28,-07:00,2025-10-18T00:45:28-07:00,2,16
style.css,245,css,e38648c2,willchiu,2025-10-18,00:45:28,-07:00,2025-10-18T00:45:28-07:00,2,24
style.css,246,css,e38648c2,willchiu,2025-10-18,00:45:28,-07:00,2025-10-18T00:45:28-07:00,0,0
style.css,247,css,e38648c2,willchiu,2025-10-18,00:45:28,-07:00,2025-10-18T00:45:28-07:00,0,0
style.css,248,css,e38648c2,willchiu,2025-10-18,00:45:28,-07:00,2025-10-18T00:45:28-07:00,0,17
style.css,249,css,e38648c2,willchiu,2025-10-18,00:45:28,-07:00,2025-10-18T00:45:28-07:00,2,33
style.css,250,css,e38648c2,willchiu,2025-10-18,00:45:28,-07:00,2025-10-18T00:45:28-07:00,0,0
style.css,251,css,e38648c2,willchiu,2025-10-18,00:45:28,-07:00,2025-10-18T00:45:28-07:00,0,0
style.css,252,css,e38648c2,willchiu,2025-10-18,00:45:28,-07:00,2025-10-18T00:45:28-07:00,0,10
style.css,253,css,e38648c2,willchiu,2025-10-18,00:45:28,-07:00,2025-10-18T00:45:28-07:00,0,6
style.css,254,css,7894101c,willchiu,2025-10-10,15:38:21,-07:00,2025-10-10T15:38:21-07:00,2,15
style.css,255,css,7894101c,willchiu,2025-10-10,15:38:21,-07:00,2025-10-10T15:38:21-07:00,2,17
style.css,256,css,7894101c,willchiu,2025-10-10,15:38:21,-07:00,2025-10-10T15:38:21-07:00,2,16
style.css,257,css,7894101c,willchiu,2025-10-10,15:38:21,-07:00,2025-10-10T15:38:21-07:00,2,24
style.css,258,css,e38648c2,willchiu,2025-10-18,00:45:28,-07:00,2025-10-18T00:45:28-07:00,0,0
style.css,259,css,e38648c2,willchiu,2025-10-18,00:45:28,-07:00,2025-10-18T00:45:28-07:00,0,0
style.css,260,css,e38648c2,willchiu,2025-10-18,00:45:28,-07:00,2025-10-18T00:45:28-07:00,0,14
style.css,261,css,e38648c2,willchiu,2025-10-18,00:45:28,-07:00,2025-10-18T00:45:28-07:00,0,17
style.css,262,css,e38648c2,willchiu,2025-10-18,00:45:28,-07:00,2025-10-18T00:45:28-07:00,2,4
style.css,263,css,e38648c2,willchiu,2025-10-18,00:45:28,-07:00,2025-10-18T00:45:28-07:00,4,9
style.css,264,css,e38648c2,willchiu,2025-10-18,00:45:28,-07:00,2025-10-18T00:45:28-07:00,4,26
style.css,265,css,e38648c2,willchiu,2025-10-18,00:45:28,-07:00,2025-10-18T00:45:28-07:00,2,0
style.css,266,css,e38648c2,willchiu,2025-10-18,00:45:28,-07:00,2025-10-18T00:45:28-07:00,2,2
style.css,267,css,e38648c2,willchiu,2025-10-18,00:45:28,-07:00,2025-10-18T00:45:28-07:00,4,9
style.css,268,css,e38648c2,willchiu,2025-10-18,00:45:28,-07:00,2025-10-18T00:45:28-07:00,4,23
style.css,269,css,e38648c2,willchiu,2025-10-18,00:45:28,-07:00,2025-10-18T00:45:28-07:00,2,0
style.css,270,css,e38648c2,willchiu,2025-10-18,00:45:28,-07:00,2025-10-18T00:45:28-07:00,0,0
style.css,271,css,e38648c2,willchiu,2025-10-18,00:45:28,-07:00,2025-10-18T00:45:28-07:00,0,0
style.css,272,css,e38648c2,willchiu,2025-10-18,00:45:28,-07:00,2025-10-18T00:45:28-07:00,0,10
style.css,273,css,e38648c2,willchiu,2025-10-18,00:45:28,-07:00,2025-10-18T00:45:28-07:00,0,21
style.css,274,css,7894101c,willchiu,2025-10-10,15:38:21,-07:00,2025-10-10T15:38:21-07:00,2,52
style.css,275,css,e38648c2,willchiu,2025-10-18,00:45:28,-07:00,2025-10-18T00:45:28-07:00,0,0
style.css,276,css,e38648c2,willchiu,2025-10-18,00:45:28,-07:00,2025-10-18T00:45:28-07:00,0,0
style.css,277,css,e38648c2,willchiu,2025-10-18,00:45:28,-07:00,2025-10-18T00:45:28-07:00,0,39
style.css,278,css,7894101c,willchiu,2025-10-10,15:38:21,-07:00,2025-10-10T15:38:21-07:00,2,26
style.css,279,css,7894101c,willchiu,2025-10-10,15:38:21,-07:00,2025-10-10T15:38:21-07:00,2,48
style.css,280,css,e38648c2,willchiu,2025-10-18,00:45:28,-07:00,2025-10-18T00:45:28-07:00,0,0
style.css,281,css,e38648c2,willchiu,2025-10-18,00:45:28,-07:00,2025-10-18T00:45:28-07:00,0,0
style.css,282,css,e38648c2,willchiu,2025-10-18,00:45:28,-07:00,2025-10-18T00:45:28-07:00,0,13
style.css,283,css,e38648c2,willchiu,2025-10-18,00:45:28,-07:00,2025-10-18T00:45:28-07:00,2,17
style.css,284,css,e38648c2,willchiu,2025-10-18,00:45:28,-07:00,2025-10-18T00:45:28-07:00,2,8
style.css,285,css,e38648c2,willchiu,2025-10-18,00:45:28,-07:00,2025-10-18T00:45:28-07:00,2,10
style.css,286,css,e38648c2,willchiu,2025-10-18,00:45:28,-07:00,2025-10-18T00:45:28-07:00,2,13
style.css,287,css,e38648c2,willchiu,2025-10-18,00:45:28,-07:00,2025-10-18T00:45:28-07:00,2,19
style.css,288,css,e38648c2,willchiu,2025-10-18,00:45:28,-07:00,2025-10-18T00:45:28-07:00,0,0
style.css,289,css,e38648c2,willchiu,2025-10-18,00:45:28,-07:00,2025-10-18T00:45:28-07:00,0,0
style.css,290,css,e38648c2,willchiu,2025-10-18,00:45:28,-07:00,2025-10-18T00:45:28-07:00,0,20
style.css,291,css,7894101c,willchiu,2025-10-10,15:38:21,-07:00,2025-10-10T15:38:21-07:00,2,12
style.css,292,css,b1114659,willchiu,2025-10-24,18:22:50,-07:00,2025-10-24T18:22:50-07:00,0,0
style.css,293,css,b1114659,willchiu,2025-10-24,18:22:50,-07:00,2025-10-24T18:22:50-07:00,0,0
style.css,294,css,b1114659,willchiu,2025-10-24,18:22:50,-07:00,2025-10-24T18:22:50-07:00,0,9
style.css,295,css,b1114659,willchiu,2025-10-24,18:22:50,-07:00,2025-10-24T18:22:50-07:00,2,56
style.css,296,css,be0e8507,willchiu,2025-10-31,18:36:13,-07:00,2025-10-31T18:36:13-07:00,0,0
style.css,297,css,be0e8507,willchiu,2025-10-31,18:36:13,-07:00,2025-10-31T18:36:13-07:00,0,0
style.css,298,css,be0e8507,willchiu,2025-10-31,18:36:13,-07:00,2025-10-31T18:36:13-07:00,0,18
style.css,299,css,be0e8507,willchiu,2025-10-31,18:36:13,-07:00,2025-10-31T18:36:13-07:00,2,14
style.css,300,css,be0e8507,willchiu,2025-10-31,18:36:13,-07:00,2025-10-31T18:36:13-07:00,2,16
style.css,301,css,be0e8507,willchiu,2025-10-31,18:36:13,-07:00,2025-10-31T18:36:13-07:00,2,16
style.css,302,css,be0e8507,willchiu,2025-10-31,18:36:13,-07:00,2025-10-31T18:36:13-07:00,0,0
style.css,303,css,be0e8507,willchiu,2025-10-31,18:36:13,-07:00,2025-10-31T18:36:13-07:00,0,0
style.css,304,css,be0e8507,willchiu,2025-10-31,18:36:13,-07:00,2025-10-31T18:36:13-07:00,0,7
style.css,305,css,be0e8507,willchiu,2025-10-31,18:36:13,-07:00,2025-10-31T18:36:13-07:00,2,12
style.css,306,css,be0e8507,willchiu,2025-10-31,18:36:13,-07:00,2025-10-31T18:36:13-07:00,2,57
style.css,307,css,be0e8507,willchiu,2025-10-31,18:36:13,-07:00,2025-10-31T18:36:13-07:00,2,7
style.css,308,css,be0e8507,willchiu,2025-10-31,18:36:13,-07:00,2025-10-31T18:36:13-07:00,2,11
style.css,309,css,be0e8507,willchiu,2025-10-31,18:36:13,-07:00,2025-10-31T18:36:13-07:00,2,35
style.css,310,css,be0e8507,willchiu,2025-10-31,18:36:13,-07:00,2025-10-31T18:36:13-07:00,2,19
style.css,311,css,be0e8507,willchiu,2025-10-31,18:36:13,-07:00,2025-10-31T18:36:13-07:00,2,32
style.css,312,css,be0e8507,willchiu,2025-10-31,18:36:13,-07:00,2025-10-31T18:36:13-07:00,0,0
style.css,313,css,be0e8507,willchiu,2025-10-31,18:36:13,-07:00,2025-10-31T18:36:13-07:00,0,0
style.css,314,css,be0e8507,willchiu,2025-10-31,18:36:13,-07:00,2025-10-31T18:36:13-07:00,0,10
style.css,315,css,be0e8507,willchiu,2025-10-31,18:36:13,-07:00,2025-10-31T18:36:13-07:00,2,12
style.css,316,css,be0e8507,willchiu,2025-10-31,18:36:13,-07:00,2025-10-31T18:36:13-07:00,2,18
style.css,317,css,be0e8507,willchiu,2025-10-31,18:36:13,-07:00,2025-10-31T18:36:13-07:00,2,9
style.css,318,css,be0e8507,willchiu,2025-10-31,18:36:13,-07:00,2025-10-31T18:36:13-07:00,0,0
style.css,319,css,be0e8507,willchiu,2025-10-31,18:36:13,-07:00,2025-10-31T18:36:13-07:00,0,0
style.css,320,css,be0e8507,willchiu,2025-10-31,18:36:13,-07:00,2025-10-31T18:36:13-07:00,0,18
style.css,321,css,be0e8507,willchiu,2025-10-31,18:36:13,-07:00,2025-10-31T18:36:13-07:00,2,9
style.css,322,css,be0e8507,willchiu,2025-10-31,18:36:13,-07:00,2025-10-31T18:36:13-07:00,2,10
style.css,323,css,be0e8507,willchiu,2025-10-31,18:36:13,-07:00,2025-10-31T18:36:13-07:00,2,29
style.css,324,css,be0e8507,willchiu,2025-10-31,18:36:13,-07:00,2025-10-31T18:36:13-07:00,2,17
style.css,325,css,be0e8507,willchiu,2025-10-31,18:36:13,-07:00,2025-10-31T18:36:13-07:00,2,20
style.css,326,css,be0e8507,willchiu,2025-10-31,18:36:13,-07:00,2025-10-31T18:36:13-07:00,0,0
style.css,327,css,be0e8507,willchiu,2025-10-31,18:36:13,-07:00,2025-10-31T18:36:13-07:00,0,0
style.css,328,css,be0e8507,willchiu,2025-10-31,18:36:13,-07:00,2025-10-31T18:36:13-07:00,0,23
style.css,329,css,be0e8507,willchiu,2025-10-31,18:36:13,-07:00,2025-10-31T18:36:13-07:00,2,14
style.css,330,css,be0e8507,willchiu,2025-10-31,18:36:13,-07:00,2025-10-31T18:36:13-07:00,2,21
style.css,331,css,be0e8507,willchiu,2025-10-31,18:36:13,-07:00,2025-10-31T18:36:13-07:00,0,0
style.css,332,css,be0e8507,willchiu,2025-10-31,18:36:13,-07:00,2025-10-31T18:36:13-07:00,0,0
style.css,333,css,be0e8507,willchiu,2025-10-31,18:36:13,-07:00,2025-10-31T18:36:13-07:00,0,29
style.css,334,css,be0e8507,willchiu,2025-10-31,18:36:13,-07:00,2025-10-31T18:36:13-07:00,2,43
style.css,335,css,be0e8507,willchiu,2025-10-31,18:36:13,-07:00,2025-10-31T18:36:13-07:00,2,45
style.css,336,css,be0e8507,willchiu,2025-10-31,18:36:13,-07:00,2025-10-31T18:36:13-07:00,0,0
style.css,337,css,be0e8507,willchiu,2025-10-31,18:36:13,-07:00,2025-10-31T18:36:13-07:00,0,0
style.css,338,css,be0e8507,willchiu,2025-10-31,18:36:13,-07:00,2025-10-31T18:36:13-07:00,0,10
style.css,339,css,be0e8507,willchiu,2025-10-31,18:36:13,-07:00,2025-10-31T18:36:13-07:00,2,12
style.css,340,css,be0e8507,willchiu,2025-10-31,18:36:13,-07:00,2025-10-31T18:36:13-07:00,2,13
style.css,341,css,be0e8507,willchiu,2025-10-31,18:36:13,-07:00,2025-10-31T18:36:13-07:00,2,10
style.css,342,css,be0e8507,willchiu,2025-10-31,18:36:13,-07:00,2025-10-31T18:36:13-07:00,2,35
style.css,343,css,be0e8507,willchiu,2025-10-31,18:36:13,-07:00,2025-10-31T18:36:13-07:00,2,19
style.css,344,css,be0e8507,willchiu,2025-10-31,18:36:13,-07:00,2025-10-31T18:36:13-07:00,2,14
style.css,345,css,be0e8507,willchiu,2025-10-31,18:36:13,-07:00,2025-10-31T18:36:13-07:00,0,0
style.css,346,css,be0e8507,willchiu,2025-10-31,18:36:13,-07:00,2025-10-31T18:36:13-07:00,0,0
style.css,347,css,be0e8507,willchiu,2025-10-31,18:36:13,-07:00,2025-10-31T18:36:13-07:00,0,14
style.css,348,css,be0e8507,willchiu,2025-10-31,18:36:13,-07:00,2025-10-31T18:36:13-07:00,2,16
style.css,349,css,be0e8507,willchiu,2025-10-31,18:36:13,-07:00,2025-10-31T18:36:13-07:00,2,23
style.css,350,css,be0e8507,willchiu,2025-10-31,18:36:13,-07:00,2025-10-31T18:36:13-07:00,2,16
style.css,351,css,e38648c2,willchiu,2025-10-18,00:45:28,-07:00,2025-10-18T00:45:28-07:00,0,0
index.js,1,js,4e3db412,willchiu,2025-10-24,18:14:12,-07:00,2025-10-24T18:14:12-07:00,0,71
index.js,2,js,4e3db412,willchiu,2025-10-24,18:14:12,-07:00,2025-10-24T18:14:12-07:00,0,0
index.js,3,js,4e3db412,willchiu,2025-10-24,18:14:12,-07:00,2025-10-24T18:14:12-07:00,0,54
index.js,4,js,4e3db412,willchiu,2025-10-24,18:14:12,-07:00,2025-10-24T18:14:12-07:00,0,54
index.js,5,js,4e3db412,willchiu,2025-10-24,18:14:12,-07:00,2025-10-24T18:14:12-07:00,0,42
index.js,6,js,4e3db412,willchiu,2025-10-24,18:14:12,-07:00,2025-10-24T18:14:12-07:00,0,63
index.js,7,js,4e3db412,willchiu,2025-10-24,18:14:12,-07:00,2025-10-24T18:14:12-07:00,0,0
index.js,8,js,4e3db412,willchiu,2025-10-24,18:14:12,-07:00,2025-10-24T18:14:12-07:00,0,60
index.js,9,js,4e3db412,willchiu,2025-10-24,18:14:12,-07:00,2025-10-24T18:14:12-07:00,0,69
index.js,10,js,4e3db412,willchiu,2025-10-24,18:14:12,-07:00,2025-10-24T18:14:12-07:00,0,0
index.js,11,js,4e3db412,willchiu,2025-10-24,18:14:12,-07:00,2025-10-24T18:14:12-07:00,0,54
index.js,12,js,4e3db412,willchiu,2025-10-24,18:14:12,-07:00,2025-10-24T18:14:12-07:00,0,55
index.js,13,js,4e3db412,willchiu,2025-10-24,18:14:12,-07:00,2025-10-24T18:14:12-07:00,0,60
index.js,14,js,4e3db412,willchiu,2025-10-24,18:14:12,-07:00,2025-10-24T18:14:12-07:00,0,0
index.js,15,js,4e3db412,willchiu,2025-10-24,18:14:12,-07:00,2025-10-24T18:14:12-07:00,0,16
index.js,16,js,4e3db412,willchiu,2025-10-24,18:14:12,-07:00,2025-10-24T18:14:12-07:00,1,54
index.js,17,js,4e3db412,willchiu,2025-10-24,18:14:12,-07:00,2025-10-24T18:14:12-07:00,1,17
index.js,18,js,4e3db412,willchiu,2025-10-24,18:14:12,-07:00,2025-10-24T18:14:12-07:00,2,24
index.js,19,js,4e3db412,willchiu,2025-10-24,18:14:12,-07:00,2025-10-24T18:14:12-07:00,3,2
index.js,20,js,4e3db412,willchiu,2025-10-24,18:14:12,-07:00,2025-10-24T18:14:12-07:00,4,55
index.js,21,js,4e3db412,willchiu,2025-10-24,18:14:12,-07:00,2025-10-24T18:14:12-07:00,4,55
index.js,22,js,4e3db412,willchiu,2025-10-24,18:14:12,-07:00,2025-10-24T18:14:12-07:00,4,49
index.js,23,js,4e3db412,willchiu,2025-10-24,18:14:12,-07:00,2025-10-24T18:14:12-07:00,4,49
index.js,24,js,4e3db412,willchiu,2025-10-24,18:14:12,-07:00,2025-10-24T18:14:12-07:00,3,3
index.js,25,js,4e3db412,willchiu,2025-10-24,18:14:12,-07:00,2025-10-24T18:14:12-07:00,2,0
index.js,26,js,4e3db412,willchiu,2025-10-24,18:14:12,-07:00,2025-10-24T18:14:12-07:00,1,0
index.js,27,js,4e3db412,willchiu,2025-10-24,18:14:12,-07:00,2025-10-24T18:14:12-07:00,0,6
index.html,1,html,c7e1101a,willchiu,2025-10-03,09:13:15,-07:00,2025-10-03T09:13:15-07:00,0,13
index.html,2,html,e38648c2,willchiu,2025-10-18,00:45:28,-07:00,2025-10-18T00:45:28-07:00,0,33
index.html,3,html,c7e1101a,willchiu,2025-10-03,09:13:15,-07:00,2025-10-03T09:13:15-07:00,0,4
index.html,4,html,7894101c,willchiu,2025-10-10,15:38:21,-07:00,2025-10-10T15:38:21-07:00,1,22
index.html,5,html,7894101c,willchiu,2025-10-10,15:38:21,-07:00,2025-10-10T15:38:21-07:00,1,70
index.html,6,html,7894101c,willchiu,2025-10-10,15:38:21,-07:00,2025-10-10T15:38:21-07:00,1,53
index.html,7,html,7894101c,willchiu,2025-10-10,15:38:21,-07:00,2025-10-10T15:38:21-07:00,1,40
index.html,8,html,e38648c2,willchiu,2025-10-18,00:45:28,-07:00,2025-10-18T00:45:28-07:00,1,51
index.html,9,html,c7e1101a,willchiu,2025-10-03,09:13:15,-07:00,2025-10-03T09:13:15-07:00,0,5
index.html,10,html,c7e1101a,willchiu,2025-10-03,09:13:15,-07:00,2025-10-03T09:13:15-07:00,0,4
index.html,11,html,7894101c,willchiu,2025-10-10,15:38:21,-07:00,2025-10-10T15:38:21-07:00,1,19
index.html,12,html,7894101c,willchiu,2025-10-10,15:38:21,-07:00,2025-10-10T15:38:21-07:00,2,24
index.html,13,html,7894101c,willchiu,2025-10-10,15:38:21,-07:00,2025-10-10T15:38:21-07:00,3,22
index.html,14,html,7894101c,willchiu,2025-10-10,15:38:21,-07:00,2025-10-10T15:38:21-07:00,4,30
index.html,15,html,7894101c,willchiu,2025-10-10,15:38:21,-07:00,2025-10-10T15:38:21-07:00,4,1
index.html,16,html,7894101c,willchiu,2025-10-10,15:38:21,-07:00,2025-10-10T15:38:21-07:00,5,55
index.html,17,html,7894101c,willchiu,2025-10-10,15:38:21,-07:00,2025-10-10T15:38:21-07:00,5,83
index.html,18,html,7894101c,willchiu,2025-10-10,15:38:21,-07:00,2025-10-10T15:38:21-07:00,5,62
index.html,19,html,7894101c,willchiu,2025-10-10,15:38:21,-07:00,2025-10-10T15:38:21-07:00,4,2
index.html,20,html,7894101c,willchiu,2025-10-10,15:38:21,-07:00,2025-10-10T15:38:21-07:00,3,4
index.html,21,html,7894101c,willchiu,2025-10-10,15:38:21,-07:00,2025-10-10T15:38:21-07:00,3,23
index.html,22,html,7894101c,willchiu,2025-10-10,15:38:21,-07:00,2025-10-10T15:38:21-07:00,4,82
index.html,23,html,7894101c,willchiu,2025-10-10,15:38:21,-07:00,2025-10-10T15:38:21-07:00,4,17
index.html,24,html,7894101c,willchiu,2025-10-10,15:38:21,-07:00,2025-10-10T15:38:21-07:00,3,4
index.html,25,html,7894101c,willchiu,2025-10-10,15:38:21,-07:00,2025-10-10T15:38:21-07:00,2,4
index.html,26,html,7894101c,willchiu,2025-10-10,15:38:21,-07:00,2025-10-10T15:38:21-07:00,1,7
index.html,27,html,7894101c,willchiu,2025-10-10,15:38:21,-07:00,2025-10-10T15:38:21-07:00,0,0
index.html,28,html,7894101c,willchiu,2025-10-10,15:38:21,-07:00,2025-10-10T15:38:21-07:00,1,4
index.html,29,html,7894101c,willchiu,2025-10-10,15:38:21,-07:00,2025-10-10T15:38:21-07:00,2,25
index.html,30,html,7894101c,willchiu,2025-10-10,15:38:21,-07:00,2025-10-10T15:38:21-07:00,3,15
index.html,31,html,7894101c,willchiu,2025-10-10,15:38:21,-07:00,2025-10-10T15:38:21-07:00,3,1
index.html,32,html,7894101c,willchiu,2025-10-10,15:38:21,-07:00,2025-10-10T15:38:21-07:00,4,64
index.html,33,html,7894101c,willchiu,2025-10-10,15:38:21,-07:00,2025-10-10T15:38:21-07:00,4,44
index.html,34,html,7894101c,willchiu,2025-10-10,15:38:21,-07:00,2025-10-10T15:38:21-07:00,4,63
index.html,35,html,7894101c,willchiu,2025-10-10,15:38:21,-07:00,2025-10-10T15:38:21-07:00,3,2
index.html,36,html,7894101c,willchiu,2025-10-10,15:38:21,-07:00,2025-10-10T15:38:21-07:00,3,66
index.html,37,html,7894101c,willchiu,2025-10-10,15:38:21,-07:00,2025-10-10T15:38:21-07:00,2,8
index.html,38,html,4e3db412,willchiu,2025-10-24,18:14:12,-07:00,2025-10-24T18:14:12-07:00,0,0
index.html,39,html,4e3db412,willchiu,2025-10-24,18:14:12,-07:00,2025-10-24T18:14:12-07:00,2,22
index.html,40,html,4e3db412,willchiu,2025-10-24,18:14:12,-07:00,2025-10-24T18:14:12-07:00,2,26
index.html,41,html,4e3db412,willchiu,2025-10-24,18:14:12,-07:00,2025-10-24T18:14:12-07:00,2,19
index.html,42,html,4e3db412,willchiu,2025-10-24,18:14:12,-07:00,2025-10-24T18:14:12-07:00,2,22
index.html,43,html,4e3db412,willchiu,2025-10-24,18:14:12,-07:00,2025-10-24T18:14:12-07:00,3,50
index.html,44,html,4e3db412,willchiu,2025-10-24,18:14:12,-07:00,2025-10-24T18:14:12-07:00,2,4
index.html,45,html,7894101c,willchiu,2025-10-10,15:38:21,-07:00,2025-10-10T15:38:21-07:00,1,5
index.html,46,html,4e3db412,willchiu,2025-10-24,18:14:12,-07:00,2025-10-24T18:14:12-07:00,1,50
index.html,47,html,c7e1101a,willchiu,2025-10-03,09:13:15,-07:00,2025-10-03T09:13:15-07:00,0,5
index.html,48,html,19335657,willchiu,2025-10-03,14:44:16,-07:00,2025-10-03T14:44:16-07:00,0,5
global.js,1,js,e38648c2,willchiu,2025-10-18,00:45:28,-07:00,2025-10-18T00:45:28-07:00,0,25
global.js,2,js,e38648c2,willchiu,2025-10-18,00:45:28,-07:00,2025-10-18T00:45:28-07:00,0,0
global.js,3,js,e38648c2,willchiu,2025-10-18,00:45:28,-07:00,2025-10-18T00:45:28-07:00,0,88
global.js,4,js,e38648c2,willchiu,2025-10-18,00:45:28,-07:00,2025-10-18T00:45:28-07:00,2,19
global.js,5,js,e38648c2,willchiu,2025-10-18,00:45:28,-07:00,2025-10-18T00:45:28-07:00,2,70
global.js,6,js,e38648c2,willchiu,2025-10-18,00:45:28,-07:00,2025-10-18T00:45:28-07:00,0,0
global.js,7,js,e38648c2,willchiu,2025-10-18,00:45:28,-07:00,2025-10-18T00:45:28-07:00,0,11
global.js,8,js,e38648c2,willchiu,2025-10-18,00:45:28,-07:00,2025-10-18T00:45:28-07:00,2,25
global.js,9,js,e38648c2,willchiu,2025-10-18,00:45:28,-07:00,2025-10-18T00:45:28-07:00,2,38
global.js,10,js,e38648c2,willchiu,2025-10-18,00:45:28,-07:00,2025-10-18T00:45:28-07:00,2,34
global.js,11,js,e38648c2,willchiu,2025-10-18,00:45:28,-07:00,2025-10-18T00:45:28-07:00,2,36
global.js,12,js,00000000,Not Committed Yet,2025-11-08,23:46:46,-08:00,2025-11-08T23:46:46-08:00,2,30
global.js,13,js,e38648c2,willchiu,2025-10-18,00:45:28,-07:00,2025-10-18T00:45:28-07:00,2,56
global.js,14,js,e38648c2,willchiu,2025-10-18,00:45:28,-07:00,2025-10-18T00:45:28-07:00,0,0
global.js,15,js,e38648c2,willchiu,2025-10-18,00:45:28,-07:00,2025-10-18T00:45:28-07:00,0,0
global.js,16,js,e38648c2,willchiu,2025-10-18,00:45:28,-07:00,2025-10-18T00:45:28-07:00,0,38
global.js,17,js,e38648c2,willchiu,2025-10-18,00:45:28,-07:00,2025-10-18T00:45:28-07:00,0,25
global.js,18,js,e38648c2,willchiu,2025-10-18,00:45:28,-07:00,2025-10-18T00:45:28-07:00,0,0
global.js,19,js,e38648c2,willchiu,2025-10-18,00:45:28,-07:00,2025-10-18T00:45:28-07:00,0,37
global.js,20,js,e38648c2,willchiu,2025-10-18,00:45:28,-07:00,2025-10-18T00:45:28-07:00,0,20
global.js,21,js,e38648c2,willchiu,2025-10-18,00:45:28,-07:00,2025-10-18T00:45:28-07:00,2,61
global.js,22,js,e38648c2,willchiu,2025-10-18,00:45:28,-07:00,2025-10-18T00:45:28-07:00,2,34
global.js,23,js,e38648c2,willchiu,2025-10-18,00:45:28,-07:00,2025-10-18T00:45:28-07:00,2,11
global.js,24,js,e38648c2,willchiu,2025-10-18,00:45:28,-07:00,2025-10-18T00:45:28-07:00,2,22
global.js,25,js,e38648c2,willchiu,2025-10-18,00:45:28,-07:00,2025-10-18T00:45:28-07:00,0,0
global.js,26,js,e38648c2,willchiu,2025-10-18,00:45:28,-07:00,2025-10-18T00:45:28-07:00,2,27
global.js,27,js,e38648c2,willchiu,2025-10-18,00:45:28,-07:00,2025-10-18T00:45:28-07:00,2,17
global.js,28,js,e38648c2,willchiu,2025-10-18,00:45:28,-07:00,2025-10-18T00:45:28-07:00,4,8
global.js,29,js,e38648c2,willchiu,2025-10-18,00:45:28,-07:00,2025-10-18T00:45:28-07:00,4,58
global.js,30,js,e38648c2,willchiu,2025-10-18,00:45:28,-07:00,2025-10-18T00:45:28-07:00,2,0
global.js,31,js,e38648c2,willchiu,2025-10-18,00:45:28,-07:00,2025-10-18T00:45:28-07:00,0,0
global.js,32,js,e38648c2,willchiu,2025-10-18,00:45:28,-07:00,2025-10-18T00:45:28-07:00,2,33
global.js,33,js,e38648c2,willchiu,2025-10-18,00:45:28,-07:00,2025-10-18T00:45:28-07:00,2,29
global.js,34,js,e38648c2,willchiu,2025-10-18,00:45:28,-07:00,2025-10-18T00:45:28-07:00,4,18
global.js,35,js,e38648c2,willchiu,2025-10-18,00:45:28,-07:00,2025-10-18T00:45:28-07:00,2,0
global.js,36,js,e38648c2,willchiu,2025-10-18,00:45:28,-07:00,2025-10-18T00:45:28-07:00,0,0
global.js,37,js,e38648c2,willchiu,2025-10-18,00:45:28,-07:00,2025-10-18T00:45:28-07:00,2,12
global.js,38,js,e38648c2,willchiu,2025-10-18,00:45:28,-07:00,2025-10-18T00:45:28-07:00,0,0
global.js,39,js,e38648c2,willchiu,2025-10-18,00:45:28,-07:00,2025-10-18T00:45:28-07:00,0,0
global.js,40,js,e38648c2,willchiu,2025-10-18,00:45:28,-07:00,2025-10-18T00:45:28-07:00,0,45
global.js,41,js,e38648c2,willchiu,2025-10-18,00:45:28,-07:00,2025-10-18T00:45:28-07:00,0,20
global.js,42,js,e38648c2,willchiu,2025-10-18,00:45:28,-07:00,2025-10-18T00:45:28-07:00,2,30
global.js,43,js,e38648c2,willchiu,2025-10-18,00:45:28,-07:00,2025-10-18T00:45:28-07:00,4,40
global.js,44,js,e38648c2,willchiu,2025-10-18,00:45:28,-07:00,2025-10-18T00:45:28-07:00,4,20
global.js,45,js,e38648c2,willchiu,2025-10-18,00:45:28,-07:00,2025-10-18T00:45:28-07:00,4,28
global.js,46,js,e38648c2,willchiu,2025-10-18,00:45:28,-07:00,2025-10-18T00:45:28-07:00,4,25
global.js,47,js,e38648c2,willchiu,2025-10-18,00:45:28,-07:00,2025-10-18T00:45:28-07:00,2,0
global.js,48,js,e38648c2,willchiu,2025-10-18,00:45:28,-07:00,2025-10-18T00:45:28-07:00,0,0
global.js,49,js,e38648c2,willchiu,2025-10-18,00:45:28,-07:00,2025-10-18T00:45:28-07:00,0,0
global.js,50,js,e38648c2,willchiu,2025-10-18,00:45:28,-07:00,2025-10-18T00:45:28-07:00,0,25
global.js,51,js,e38648c2,willchiu,2025-10-18,00:45:28,-07:00,2025-10-18T00:45:28-07:00,0,31
global.js,52,js,e38648c2,willchiu,2025-10-18,00:45:28,-07:00,2025-10-18T00:45:28-07:00,2,11
global.js,53,js,e38648c2,willchiu,2025-10-18,00:45:28,-07:00,2025-10-18T00:45:28-07:00,2,0
global.js,54,js,e38648c2,willchiu,2025-10-18,00:45:28,-07:00,2025-10-18T00:45:28-07:00,2,26
global.js,55,js,e38648c2,willchiu,2025-10-18,00:45:28,-07:00,2025-10-18T00:45:28-07:00,4,4
global.js,56,js,e38648c2,willchiu,2025-10-18,00:45:28,-07:00,2025-10-18T00:45:28-07:00,4,6
global.js,57,js,e38648c2,willchiu,2025-10-18,00:45:28,-07:00,2025-10-18T00:45:28-07:00,6,37
global.js,58,js,e38648c2,willchiu,2025-10-18,00:45:28,-07:00,2025-10-18T00:45:28-07:00,6,34
global.js,59,js,e38648c2,willchiu,2025-10-18,00:45:28,-07:00,2025-10-18T00:45:28-07:00,6,32
global.js,60,js,e38648c2,willchiu,2025-10-18,00:45:28,-07:00,2025-10-18T00:45:28-07:00,4,7
global.js,61,js,e38648c2,willchiu,2025-10-18,00:45:28,-07:00,2025-10-18T00:45:28-07:00,2,6
global.js,62,js,e38648c2,willchiu,2025-10-18,00:45:28,-07:00,2025-10-18T00:45:28-07:00,2,0
global.js,63,js,e38648c2,willchiu,2025-10-18,00:45:28,-07:00,2025-10-18T00:45:28-07:00,0,0
global.js,64,js,e38648c2,willchiu,2025-10-18,00:45:28,-07:00,2025-10-18T00:45:28-07:00,0,0
global.js,65,js,e38648c2,willchiu,2025-10-18,00:45:28,-07:00,2025-10-18T00:45:28-07:00,0,58
global.js,66,js,e38648c2,willchiu,2025-10-18,00:45:28,-07:00,2025-10-18T00:45:28-07:00,0,0
global.js,67,js,e38648c2,willchiu,2025-10-18,00:45:28,-07:00,2025-10-18T00:45:28-07:00,0,21
global.js,68,js,e38648c2,willchiu,2025-10-18,00:45:28,-07:00,2025-10-18T00:45:28-07:00,0,49
global.js,69,js,e38648c2,willchiu,2025-10-18,00:45:28,-07:00,2025-10-18T00:45:28-07:00,2,31
global.js,70,js,e38648c2,willchiu,2025-10-18,00:45:28,-07:00,2025-10-18T00:45:28-07:00,2,21
global.js,71,js,e38648c2,willchiu,2025-10-18,00:45:28,-07:00,2025-10-18T00:45:28-07:00,4,53
global.js,72,js,e38648c2,willchiu,2025-10-18,00:45:28,-07:00,2025-10-18T00:45:28-07:00,4,37
global.js,73,js,e38648c2,willchiu,2025-10-18,00:45:28,-07:00,2025-10-18T00:45:28-07:00,2,6
global.js,74,js,e38648c2,willchiu,2025-10-18,00:45:28,-07:00,2025-10-18T00:45:28-07:00,4,57
global.js,75,js,e38648c2,willchiu,2025-10-18,00:45:28,-07:00,2025-10-18T00:45:28-07:00,4,41
global.js,76,js,e38648c2,willchiu,2025-10-18,00:45:28,-07:00,2025-10-18T00:45:28-07:00,2,0
global.js,77,js,e38648c2,willchiu,2025-10-18,00:45:28,-07:00,2025-10-18T00:45:28-07:00,0,1
global.js,78,js,e38648c2,willchiu,2025-10-18,00:45:28,-07:00,2025-10-18T00:45:28-07:00,0,0
global.js,79,js,e38648c2,willchiu,2025-10-18,00:45:28,-07:00,2025-10-18T00:45:28-07:00,0,28
global.js,80,js,e38648c2,willchiu,2025-10-18,00:45:28,-07:00,2025-10-18T00:45:28-07:00,0,53
global.js,81,js,e38648c2,willchiu,2025-10-18,00:45:28,-07:00,2025-10-18T00:45:28-07:00,0,15
global.js,82,js,e38648c2,willchiu,2025-10-18,00:45:28,-07:00,2025-10-18T00:45:28-07:00,2,24
global.js,83,js,e38648c2,willchiu,2025-10-18,00:45:28,-07:00,2025-10-18T00:45:28-07:00,2,26
global.js,84,js,e38648c2,willchiu,2025-10-18,00:45:28,-07:00,2025-10-18T00:45:28-07:00,4,62
global.js,85,js,e38648c2,willchiu,2025-10-18,00:45:28,-07:00,2025-10-18T00:45:28-07:00,2,0
global.js,86,js,86025de4,willchiu,2025-10-18,00:52:04,-07:00,2025-10-18T00:52:04-07:00,0,0
global.js,87,js,86025de4,willchiu,2025-10-18,00:52:04,-07:00,2025-10-18T00:52:04-07:00,0,0
global.js,88,js,86025de4,willchiu,2025-10-18,00:52:04,-07:00,2025-10-18T00:52:04-07:00,0,56
global.js,89,js,86025de4,willchiu,2025-10-18,00:52:04,-07:00,2025-10-18T00:52:04-07:00,0,0
global.js,90,js,86025de4,willchiu,2025-10-18,00:52:04,-07:00,2025-10-18T00:52:04-07:00,0,51
global.js,91,js,86025de4,willchiu,2025-10-18,00:52:04,-07:00,2025-10-18T00:52:04-07:00,0,43
global.js,92,js,86025de4,willchiu,2025-10-18,00:52:04,-07:00,2025-10-18T00:52:04-07:00,2,56
global.js,93,js,86025de4,willchiu,2025-10-18,00:52:04,-07:00,2025-10-18T00:52:04-07:00,0,0
global.js,94,js,86025de4,willchiu,2025-10-18,00:52:04,-07:00,2025-10-18T00:52:04-07:00,2,30
global.js,95,js,86025de4,willchiu,2025-10-18,00:52:04,-07:00,2025-10-18T00:52:04-07:00,2,35
global.js,96,js,86025de4,willchiu,2025-10-18,00:52:04,-07:00,2025-10-18T00:52:04-07:00,0,0
global.js,97,js,86025de4,willchiu,2025-10-18,00:52:04,-07:00,2025-10-18T00:52:04-07:00,2,31
global.js,98,js,86025de4,willchiu,2025-10-18,00:52:04,-07:00,2025-10-18T00:52:04-07:00,4,45
global.js,99,js,86025de4,willchiu,2025-10-18,00:52:04,-07:00,2025-10-18T00:52:04-07:00,2,0
global.js,100,js,86025de4,willchiu,2025-10-18,00:52:04,-07:00,2025-10-18T00:52:04-07:00,0,0
global.js,101,js,86025de4,willchiu,2025-10-18,00:52:04,-07:00,2025-10-18T00:52:04-07:00,2,54
global.js,102,js,86025de4,willchiu,2025-10-18,00:52:04,-07:00,2025-10-18T00:52:04-07:00,2,74
global.js,103,js,4e3db412,willchiu,2025-10-24,18:14:12,-07:00,2025-10-24T18:14:12-07:00,0,1
global.js,104,js,4e3db412,willchiu,2025-10-24,18:14:12,-07:00,2025-10-24T18:14:12-07:00,0,0
global.js,105,js,4e3db412,willchiu,2025-10-24,18:14:12,-07:00,2025-10-24T18:14:12-07:00,0,36
global.js,106,js,4e3db412,willchiu,2025-10-24,18:14:12,-07:00,2025-10-24T18:14:12-07:00,1,3
global.js,107,js,4e3db412,willchiu,2025-10-24,18:14:12,-07:00,2025-10-24T18:14:12-07:00,2,32
global.js,108,js,4e3db412,willchiu,2025-10-24,18:14:12,-07:00,2025-10-24T18:14:12-07:00,2,17
global.js,109,js,4e3db412,willchiu,2025-10-24,18:14:12,-07:00,2025-10-24T18:14:12-07:00,3,66
global.js,110,js,4e3db412,willchiu,2025-10-24,18:14:12,-07:00,2025-10-24T18:14:12-07:00,2,0
global.js,111,js,4e3db412,willchiu,2025-10-24,18:14:12,-07:00,2025-10-24T18:14:12-07:00,2,33
global.js,112,js,4e3db412,willchiu,2025-10-24,18:14:12,-07:00,2025-10-24T18:14:12-07:00,2,55
global.js,113,js,4e3db412,willchiu,2025-10-24,18:14:12,-07:00,2025-10-24T18:14:12-07:00,2,10
global.js,114,js,4e3db412,willchiu,2025-10-24,18:14:12,-07:00,2025-10-24T18:14:12-07:00,1,15
global.js,115,js,4e3db412,willchiu,2025-10-24,18:14:12,-07:00,2025-10-24T18:14:12-07:00,2,59
global.js,116,js,4e3db412,willchiu,2025-10-24,18:14:12,-07:00,2025-10-24T18:14:12-07:00,1,0
global.js,117,js,4e3db412,willchiu,2025-10-24,18:14:12,-07:00,2025-10-24T18:14:12-07:00,0,0
global.js,118,js,4e3db412,willchiu,2025-10-24,18:14:12,-07:00,2025-10-24T18:14:12-07:00,0,0
global.js,119,js,4e3db412,willchiu,2025-10-24,18:14:12,-07:00,2025-10-24T18:14:12-07:00,0,79
global.js,120,js,4e3db412,willchiu,2025-10-24,18:14:12,-07:00,2025-10-24T18:14:12-07:00,1,60
global.js,121,js,4e3db412,willchiu,2025-10-24,18:14:12,-07:00,2025-10-24T18:14:12-07:00,1,30
global.js,122,js,4e3db412,willchiu,2025-10-24,18:14:12,-07:00,2025-10-24T18:14:12-07:00,1,29
global.js,123,js,4e3db412,willchiu,2025-10-24,18:14:12,-07:00,2025-10-24T18:14:12-07:00,2,48
global.js,124,js,4e3db412,willchiu,2025-10-24,18:14:12,-07:00,2025-10-24T18:14:12-07:00,2,19
global.js,125,js,4e3db412,willchiu,2025-10-24,18:14:12,-07:00,2025-10-24T18:14:12-07:00,3,49
global.js,126,js,4e3db412,willchiu,2025-10-24,18:14:12,-07:00,2025-10-24T18:14:12-07:00,3,49
global.js,127,js,4e3db412,willchiu,2025-10-24,18:14:12,-07:00,2025-10-24T18:14:12-07:00,3,27
global.js,128,js,4e3db412,willchiu,2025-10-24,18:14:12,-07:00,2025-10-24T18:14:12-07:00,2,0
global.js,129,js,4e3db412,willchiu,2025-10-24,18:14:12,-07:00,2025-10-24T18:14:12-07:00,2,36
global.js,130,js,4e3db412,willchiu,2025-10-24,18:14:12,-07:00,2025-10-24T18:14:12-07:00,1,1
global.js,131,js,4e3db412,willchiu,2025-10-24,18:14:12,-07:00,2025-10-24T18:14:12-07:00,0,0
global.js,132,js,4e3db412,willchiu,2025-10-24,18:14:12,-07:00,2025-10-24T18:14:12-07:00,0,0
global.js,133,js,4e3db412,willchiu,2025-10-24,18:14:12,-07:00,2025-10-24T18:14:12-07:00,0,47
global.js,134,js,4e3db412,willchiu,2025-10-24,18:14:12,-07:00,2025-10-24T18:14:12-07:00,1,3
global.js,135,js,4e3db412,willchiu,2025-10-24,18:14:12,-07:00,2025-10-24T18:14:12-07:00,2,71
global.js,136,js,4e3db412,willchiu,2025-10-24,18:14:12,-07:00,2025-10-24T18:14:12-07:00,2,57
global.js,137,js,4e3db412,willchiu,2025-10-24,18:14:12,-07:00,2025-10-24T18:14:12-07:00,2,10
global.js,138,js,4e3db412,willchiu,2025-10-24,18:14:12,-07:00,2025-10-24T18:14:12-07:00,1,15
global.js,139,js,4e3db412,willchiu,2025-10-24,18:14:12,-07:00,2025-10-24T18:14:12-07:00,2,50
global.js,140,js,4e3db412,willchiu,2025-10-24,18:14:12,-07:00,2025-10-24T18:14:12-07:00,1,0
global.js,141,js,4e3db412,willchiu,2025-10-24,18:14:12,-07:00,2025-10-24T18:14:12-07:00,0,0
resume/index.html,1,html,333f1b92,willchiu,2025-10-10,15:47:50,-07:00,2025-10-10T15:47:50-07:00,0,13
resume/index.html,2,html,e38648c2,willchiu,2025-10-18,00:45:28,-07:00,2025-10-18T00:45:28-07:00,0,33
resume/index.html,3,html,333f1b92,willchiu,2025-10-10,15:47:50,-07:00,2025-10-10T15:47:50-07:00,0,4
resume/index.html,4,html,333f1b92,willchiu,2025-10-10,15:47:50,-07:00,2025-10-10T15:47:50-07:00,2,20
resume/index.html,5,html,333f1b92,willchiu,2025-10-10,15:47:50,-07:00,2025-10-10T15:47:50-07:00,2,68
resume/index.html,6,html,333f1b92,willchiu,2025-10-10,15:47:50,-07:00,2025-10-10T15:47:50-07:00,2,19
resume/index.html,7,html,333f1b92,willchiu,2025-10-10,15:47:50,-07:00,2025-10-10T15:47:50-07:00,2,43
resume/index.html,8,html,e38648c2,willchiu,2025-10-18,00:45:28,-07:00,2025-10-18T00:45:28-07:00,2,54
resume/index.html,9,html,333f1b92,willchiu,2025-10-10,15:47:50,-07:00,2025-10-10T15:47:50-07:00,0,5
resume/index.html,10,html,333f1b92,willchiu,2025-10-10,15:47:50,-07:00,2025-10-10T15:47:50-07:00,0,4
resume/index.html,11,html,e38648c2,willchiu,2025-10-18,00:45:28,-07:00,2025-10-18T00:45:28-07:00,2,25
resume/index.html,12,html,e38648c2,willchiu,2025-10-18,00:45:28,-07:00,2025-10-18T00:45:28-07:00,2,9
resume/index.html,13,html,333f1b92,willchiu,2025-10-10,15:47:50,-07:00,2025-10-10T15:47:50-07:00,2,13
resume/index.html,14,html,333f1b92,willchiu,2025-10-10,15:47:50,-07:00,2025-10-10T15:47:50-07:00,2,7
resume/index.html,15,html,333f1b92,willchiu,2025-10-10,15:47:50,-07:00,2025-10-10T15:47:50-07:00,4,6
resume/index.html,16,html,333f1b92,willchiu,2025-10-10,15:47:50,-07:00,2025-10-10T15:47:50-07:00,6,16
resume/index.html,17,html,333f1b92,willchiu,2025-10-10,15:47:50,-07:00,2025-10-10T15:47:50-07:00,4,7
resume/index.html,18,html,333f1b92,willchiu,2025-10-10,15:47:50,-07:00,2025-10-10T15:47:50-07:00,4,7
resume/index.html,19,html,333f1b92,willchiu,2025-10-10,15:47:50,-07:00,2025-10-10T15:47:50-07:00,6,28
resume/index.html,20,html,333f1b92,willchiu,2025-10-10,15:47:50,-07:00,2025-10-10T15:47:50-07:00,6,44
resume/index.html,21,html,333f1b92,willchiu,2025-10-10,15:47:50,-07:00,2025-10-10T15:47:50-07:00,6,22
resume/index.html,22,html,333f1b92,willchiu,2025-10-10,15:47:50,-07:00,2025-10-10T15:47:50-07:00,4,8
resume/index.html,23,html,333f1b92,willchiu,2025-10-10,15:47:50,-07:00,2025-10-10T15:47:50-07:00,2,8
resume/index.html,24,html,333f1b92,willchiu,2025-10-10,15:47:50,-07:00,2025-10-10T15:47:50-07:00,2,7
resume/index.html,25,html,333f1b92,willchiu,2025-10-10,15:47:50,-07:00,2025-10-10T15:47:50-07:00,4,6
resume/index.html,26,html,333f1b92,willchiu,2025-10-10,15:47:50,-07:00,2025-10-10T15:47:50-07:00,6,17
resume/index.html,27,html,333f1b92,willchiu,2025-10-10,15:47:50,-07:00,2025-10-10T15:47:50-07:00,4,7
resume/index.html,28,html,333f1b92,willchiu,2025-10-10,15:47:50,-07:00,2025-10-10T15:47:50-07:00,4,7
resume/index.html,29,html,333f1b92,willchiu,2025-10-10,15:47:50,-07:00,2025-10-10T15:47:50-07:00,6,24
resume/index.html,30,html,333f1b92,willchiu,2025-10-10,15:47:50,-07:00,2025-10-10T15:47:50-07:00,6,17
resume/index.html,31,html,333f1b92,willchiu,2025-10-10,15:47:50,-07:00,2025-10-10T15:47:50-07:00,6,25
resume/index.html,32,html,333f1b92,willchiu,2025-10-10,15:47:50,-07:00,2025-10-10T15:47:50-07:00,6,2
resume/index.html,33,html,333f1b92,willchiu,2025-10-10,15:47:50,-07:00,2025-10-10T15:47:50-07:00,6,53
resume/index.html,34,html,333f1b92,willchiu,2025-10-10,15:47:50,-07:00,2025-10-10T15:47:50-07:00,6,2
resume/index.html,35,html,333f1b92,willchiu,2025-10-10,15:47:50,-07:00,2025-10-10T15:47:50-07:00,8,58
resume/index.html,36,html,333f1b92,willchiu,2025-10-10,15:47:50,-07:00,2025-10-10T15:47:50-07:00,8,68
resume/index.html,37,html,333f1b92,willchiu,2025-10-10,15:47:50,-07:00,2025-10-10T15:47:50-07:00,6,3
resume/index.html,38,html,333f1b92,willchiu,2025-10-10,15:47:50,-07:00,2025-10-10T15:47:50-07:00,4,8
resume/index.html,39,html,333f1b92,willchiu,2025-10-10,15:47:50,-07:00,2025-10-10T15:47:50-07:00,4,7
resume/index.html,40,html,333f1b92,willchiu,2025-10-10,15:47:50,-07:00,2025-10-10T15:47:50-07:00,6,23
resume/index.html,41,html,333f1b92,willchiu,2025-10-10,15:47:50,-07:00,2025-10-10T15:47:50-07:00,6,25
resume/index.html,42,html,333f1b92,willchiu,2025-10-10,15:47:50,-07:00,2025-10-10T15:47:50-07:00,6,22
resume/index.html,43,html,333f1b92,willchiu,2025-10-10,15:47:50,-07:00,2025-10-10T15:47:50-07:00,6,2
resume/index.html,44,html,333f1b92,willchiu,2025-10-10,15:47:50,-07:00,2025-10-10T15:47:50-07:00,6,53
resume/index.html,45,html,333f1b92,willchiu,2025-10-10,15:47:50,-07:00,2025-10-10T15:47:50-07:00,6,2
resume/index.html,46,html,333f1b92,willchiu,2025-10-10,15:47:50,-07:00,2025-10-10T15:47:50-07:00,8,59
resume/index.html,47,html,333f1b92,willchiu,2025-10-10,15:47:50,-07:00,2025-10-10T15:47:50-07:00,8,47
resume/index.html,48,html,333f1b92,willchiu,2025-10-10,15:47:50,-07:00,2025-10-10T15:47:50-07:00,6,3
resume/index.html,49,html,333f1b92,willchiu,2025-10-10,15:47:50,-07:00,2025-10-10T15:47:50-07:00,4,8
resume/index.html,50,html,333f1b92,willchiu,2025-10-10,15:47:50,-07:00,2025-10-10T15:47:50-07:00,2,8
resume/index.html,51,html,333f1b92,willchiu,2025-10-10,15:47:50,-07:00,2025-10-10T15:47:50-07:00,2,7
resume/index.html,52,html,333f1b92,willchiu,2025-10-10,15:47:50,-07:00,2025-10-10T15:47:50-07:00,4,6
resume/index.html,53,html,333f1b92,willchiu,2025-10-10,15:47:50,-07:00,2025-10-10T15:47:50-07:00,6,13
resume/index.html,54,html,333f1b92,willchiu,2025-10-10,15:47:50,-07:00,2025-10-10T15:47:50-07:00,4,7
resume/index.html,55,html,333f1b92,willchiu,2025-10-10,15:47:50,-07:00,2025-10-10T15:47:50-07:00,4,2
resume/index.html,56,html,333f1b92,willchiu,2025-10-10,15:47:50,-07:00,2025-10-10T15:47:50-07:00,6,28
resume/index.html,57,html,333f1b92,willchiu,2025-10-10,15:47:50,-07:00,2025-10-10T15:47:50-07:00,6,21
resume/index.html,58,html,333f1b92,willchiu,2025-10-10,15:47:50,-07:00,2025-10-10T15:47:50-07:00,6,28
resume/index.html,59,html,333f1b92,willchiu,2025-10-10,15:47:50,-07:00,2025-10-10T15:47:50-07:00,4,3
resume/index.html,60,html,333f1b92,willchiu,2025-10-10,15:47:50,-07:00,2025-10-10T15:47:50-07:00,2,8
resume/index.html,61,html,333f1b92,willchiu,2025-10-10,15:47:50,-07:00,2025-10-10T15:47:50-07:00,0,5
resume/index.html,62,html,333f1b92,willchiu,2025-10-10,15:47:50,-07:00,2025-10-10T15:47:50-07:00,0,5
projects/projects.js,1,js,be0e8507,willchiu,2025-10-31,18:36:13,-07:00,2025-10-31T18:36:13-07:00,0,39
projects/projects.js,2,js,be0e8507,willchiu,2025-10-31,18:36:13,-07:00,2025-10-31T18:36:13-07:00,0,63
projects/projects.js,3,js,4e3db412,willchiu,2025-10-24,18:14:12,-07:00,2025-10-24T18:14:12-07:00,0,0
projects/projects.js,4,js,be0e8507,willchiu,2025-10-31,18:36:13,-07:00,2025-10-31T18:36:13-07:00,0,53
projects/projects.js,5,js,be0e8507,willchiu,2025-10-31,18:36:13,-07:00,2025-10-31T18:36:13-07:00,0,13
projects/projects.js,6,js,be0e8507,willchiu,2025-10-31,18:36:13,-07:00,2025-10-31T18:36:13-07:00,0,22
projects/projects.js,7,js,be0e8507,willchiu,2025-10-31,18:36:13,-07:00,2025-10-31T18:36:13-07:00,0,20
projects/projects.js,8,js,4e3db412,willchiu,2025-10-24,18:14:12,-07:00,2025-10-24T18:14:12-07:00,0,0
projects/projects.js,9,js,4e3db412,willchiu,2025-10-24,18:14:12,-07:00,2025-10-24T18:14:12-07:00,0,60
projects/projects.js,10,js,be0e8507,willchiu,2025-10-31,18:36:13,-07:00,2025-10-31T18:36:13-07:00,0,55
projects/projects.js,11,js,be0e8507,willchiu,2025-10-31,18:36:13,-07:00,2025-10-31T18:36:13-07:00,0,0
projects/projects.js,12,js,be0e8507,willchiu,2025-10-31,18:36:13,-07:00,2025-10-31T18:36:13-07:00,0,49
projects/projects.js,13,js,be0e8507,willchiu,2025-10-31,18:36:13,-07:00,2025-10-31T18:36:13-07:00,0,39
projects/projects.js,14,js,be0e8507,willchiu,2025-10-31,18:36:13,-07:00,2025-10-31T18:36:13-07:00,0,38
projects/projects.js,15,js,be0e8507,willchiu,2025-10-31,18:36:13,-07:00,2025-10-31T18:36:13-07:00,0,36
projects/projects.js,16,js,be0e8507,willchiu,2025-10-31,18:36:13,-07:00,2025-10-31T18:36:13-07:00,0,61
projects/projects.js,17,js,be0e8507,willchiu,2025-10-31,18:36:13,-07:00,2025-10-31T18:36:13-07:00,0,0
projects/projects.js,18,js,be0e8507,willchiu,2025-10-31,18:36:13,-07:00,2025-10-31T18:36:13-07:00,0,34
projects/projects.js,19,js,be0e8507,willchiu,2025-10-31,18:36:13,-07:00,2025-10-31T18:36:13-07:00,2,80
projects/projects.js,20,js,be0e8507,willchiu,2025-10-31,18:36:13,-07:00,2025-10-31T18:36:13-07:00,0,0
projects/projects.js,21,js,be0e8507,willchiu,2025-10-31,18:36:13,-07:00,2025-10-31T18:36:13-07:00,0,0
projects/projects.js,22,js,be0e8507,willchiu,2025-10-31,18:36:13,-07:00,2025-10-31T18:36:13-07:00,0,64
projects/projects.js,23,js,be0e8507,willchiu,2025-10-31,18:36:13,-07:00,2025-10-31T18:36:13-07:00,2,23
projects/projects.js,24,js,be0e8507,willchiu,2025-10-31,18:36:13,-07:00,2025-10-31T18:36:13-07:00,2,37
projects/projects.js,25,js,be0e8507,willchiu,2025-10-31,18:36:13,-07:00,2025-10-31T18:36:13-07:00,4,55
projects/projects.js,26,js,be0e8507,willchiu,2025-10-31,18:36:13,-07:00,2025-10-31T18:36:13-07:00,4,186
projects/projects.js,27,js,be0e8507,willchiu,2025-10-31,18:36:13,-07:00,2025-10-31T18:36:13-07:00,4,26
projects/projects.js,28,js,be0e8507,willchiu,2025-10-31,18:36:13,-07:00,2025-10-31T18:36:13-07:00,6,45
projects/projects.js,29,js,be0e8507,willchiu,2025-10-31,18:36:13,-07:00,2025-10-31T18:36:13-07:00,6,27
projects/projects.js,30,js,be0e8507,willchiu,2025-10-31,18:36:13,-07:00,2025-10-31T18:36:13-07:00,6,118
projects/projects.js,31,js,be0e8507,willchiu,2025-10-31,18:36:13,-07:00,2025-10-31T18:36:13-07:00,6,46
projects/projects.js,32,js,be0e8507,willchiu,2025-10-31,18:36:13,-07:00,2025-10-31T18:36:13-07:00,4,0
projects/projects.js,33,js,be0e8507,willchiu,2025-10-31,18:36:13,-07:00,2025-10-31T18:36:13-07:00,4,36
projects/projects.js,34,js,be0e8507,willchiu,2025-10-31,18:36:13,-07:00,2025-10-31T18:36:13-07:00,2,1
projects/projects.js,35,js,be0e8507,willchiu,2025-10-31,18:36:13,-07:00,2025-10-31T18:36:13-07:00,0,0
projects/projects.js,36,js,be0e8507,willchiu,2025-10-31,18:36:13,-07:00,2025-10-31T18:36:13-07:00,0,0
projects/projects.js,37,js,be0e8507,willchiu,2025-10-31,18:36:13,-07:00,2025-10-31T18:36:13-07:00,0,23
projects/projects.js,38,js,be0e8507,willchiu,2025-10-31,18:36:13,-07:00,2025-10-31T18:36:13-07:00,2,53
projects/projects.js,39,js,be0e8507,willchiu,2025-10-31,18:36:13,-07:00,2025-10-31T18:36:13-07:00,4,24
projects/projects.js,40,js,be0e8507,willchiu,2025-10-31,18:36:13,-07:00,2025-10-31T18:36:13-07:00,6,63
projects/projects.js,41,js,be0e8507,willchiu,2025-10-31,18:36:13,-07:00,2025-10-31T18:36:13-07:00,6,5
projects/projects.js,42,js,be0e8507,willchiu,2025-10-31,18:36:13,-07:00,2025-10-31T18:36:13-07:00,4,25
projects/projects.js,43,js,be0e8507,willchiu,2025-10-31,18:36:13,-07:00,2025-10-31T18:36:13-07:00,6,19
projects/projects.js,44,js,be0e8507,willchiu,2025-10-31,18:36:13,-07:00,2025-10-31T18:36:13-07:00,8,29
projects/projects.js,45,js,be0e8507,willchiu,2025-10-31,18:36:13,-07:00,2025-10-31T18:36:13-07:00,8,5
projects/projects.js,46,js,be0e8507,willchiu,2025-10-31,18:36:13,-07:00,2025-10-31T18:36:13-07:00,4,41
projects/projects.js,47,js,be0e8507,willchiu,2025-10-31,18:36:13,-07:00,2025-10-31T18:36:13-07:00,2,1
projects/projects.js,48,js,be0e8507,willchiu,2025-10-31,18:36:13,-07:00,2025-10-31T18:36:13-07:00,0,0
projects/projects.js,49,js,be0e8507,willchiu,2025-10-31,18:36:13,-07:00,2025-10-31T18:36:13-07:00,2,56
projects/projects.js,50,js,be0e8507,willchiu,2025-10-31,18:36:13,-07:00,2025-10-31T18:36:13-07:00,0,0
projects/projects.js,51,js,be0e8507,willchiu,2025-10-31,18:36:13,-07:00,2025-10-31T18:36:13-07:00,0,0
projects/projects.js,52,js,be0e8507,willchiu,2025-10-31,18:36:13,-07:00,2025-10-31T18:36:13-07:00,0,28
projects/projects.js,53,js,be0e8507,willchiu,2025-10-31,18:36:13,-07:00,2025-10-31T18:36:13-07:00,2,66
projects/projects.js,54,js,be0e8507,willchiu,2025-10-31,18:36:13,-07:00,2025-10-31T18:36:13-07:00,2,23
projects/projects.js,55,js,be0e8507,willchiu,2025-10-31,18:36:13,-07:00,2025-10-31T18:36:13-07:00,0,0
projects/projects.js,56,js,be0e8507,willchiu,2025-10-31,18:36:13,-07:00,2025-10-31T18:36:13-07:00,0,0
projects/projects.js,57,js,be0e8507,willchiu,2025-10-31,18:36:13,-07:00,2025-10-31T18:36:13-07:00,0,38
projects/projects.js,58,js,be0e8507,willchiu,2025-10-31,18:36:13,-07:00,2025-10-31T18:36:13-07:00,2,28
projects/projects.js,59,js,be0e8507,willchiu,2025-10-31,18:36:13,-07:00,2025-10-31T18:36:13-07:00,4,12
projects/projects.js,60,js,be0e8507,willchiu,2025-10-31,18:36:13,-07:00,2025-10-31T18:36:13-07:00,4,14
projects/projects.js,61,js,be0e8507,willchiu,2025-10-31,18:36:13,-07:00,2025-10-31T18:36:13-07:00,4,11
projects/projects.js,62,js,be0e8507,willchiu,2025-10-31,18:36:13,-07:00,2025-10-31T18:36:13-07:00,2,0
projects/projects.js,63,js,be0e8507,willchiu,2025-10-31,18:36:13,-07:00,2025-10-31T18:36:13-07:00,0,0
projects/projects.js,64,js,be0e8507,willchiu,2025-10-31,18:36:13,-07:00,2025-10-31T18:36:13-07:00,2,49
projects/projects.js,65,js,be0e8507,willchiu,2025-10-31,18:36:13,-07:00,2025-10-31T18:36:13-07:00,4,11
projects/projects.js,66,js,be0e8507,willchiu,2025-10-31,18:36:13,-07:00,2025-10-31T18:36:13-07:00,4,10
projects/projects.js,67,js,be0e8507,willchiu,2025-10-31,18:36:13,-07:00,2025-10-31T18:36:13-07:00,2,2
projects/projects.js,68,js,be0e8507,willchiu,2025-10-31,18:36:13,-07:00,2025-10-31T18:36:13-07:00,0,0
projects/projects.js,69,js,be0e8507,willchiu,2025-10-31,18:36:13,-07:00,2025-10-31T18:36:13-07:00,2,55
projects/projects.js,70,js,be0e8507,willchiu,2025-10-31,18:36:13,-07:00,2025-10-31T18:36:13-07:00,4,74
projects/projects.js,71,js,be0e8507,willchiu,2025-10-31,18:36:13,-07:00,2025-10-31T18:36:13-07:00,2,0
projects/projects.js,72,js,be0e8507,willchiu,2025-10-31,18:36:13,-07:00,2025-10-31T18:36:13-07:00,0,0
projects/projects.js,73,js,be0e8507,willchiu,2025-10-31,18:36:13,-07:00,2025-10-31T18:36:13-07:00,2,52
projects/projects.js,74,js,be0e8507,willchiu,2025-10-31,18:36:13,-07:00,2025-10-31T18:36:13-07:00,2,59
projects/projects.js,75,js,be0e8507,willchiu,2025-10-31,18:36:13,-07:00,2025-10-31T18:36:13-07:00,0,0
projects/projects.js,76,js,be0e8507,willchiu,2025-10-31,18:36:13,-07:00,2025-10-31T18:36:13-07:00,2,42
projects/projects.js,77,js,be0e8507,willchiu,2025-10-31,18:36:13,-07:00,2025-10-31T18:36:13-07:00,2,29
projects/projects.js,78,js,be0e8507,willchiu,2025-10-31,18:36:13,-07:00,2025-10-31T18:36:13-07:00,0,0
projects/projects.js,79,js,be0e8507,willchiu,2025-10-31,18:36:13,-07:00,2025-10-31T18:36:13-07:00,2,45
projects/projects.js,80,js,be0e8507,willchiu,2025-10-31,18:36:13,-07:00,2025-10-31T18:36:13-07:00,2,49
projects/projects.js,81,js,be0e8507,willchiu,2025-10-31,18:36:13,-07:00,2025-10-31T18:36:13-07:00,2,0
projects/projects.js,82,js,be0e8507,willchiu,2025-10-31,18:36:13,-07:00,2025-10-31T18:36:13-07:00,2,24
projects/projects.js,83,js,be0e8507,willchiu,2025-10-31,18:36:13,-07:00,2025-10-31T18:36:13-07:00,4,56
projects/projects.js,84,js,be0e8507,willchiu,2025-10-31,18:36:13,-07:00,2025-10-31T18:36:13-07:00,4,57
projects/projects.js,85,js,be0e8507,willchiu,2025-10-31,18:36:13,-07:00,2025-10-31T18:36:13-07:00,4,26
projects/projects.js,86,js,be0e8507,willchiu,2025-10-31,18:36:13,-07:00,2025-10-31T18:36:13-07:00,6,43
projects/projects.js,87,js,be0e8507,willchiu,2025-10-31,18:36:13,-07:00,2025-10-31T18:36:13-07:00,6,10
projects/projects.js,88,js,be0e8507,willchiu,2025-10-31,18:36:13,-07:00,2025-10-31T18:36:13-07:00,4,14
projects/projects.js,89,js,be0e8507,willchiu,2025-10-31,18:36:13,-07:00,2025-10-31T18:36:13-07:00,6,13
projects/projects.js,90,js,be0e8507,willchiu,2025-10-31,18:36:13,-07:00,2025-10-31T18:36:13-07:00,6,13
projects/projects.js,91,js,be0e8507,willchiu,2025-10-31,18:36:13,-07:00,2025-10-31T18:36:13-07:00,6,22
projects/projects.js,92,js,be0e8507,willchiu,2025-10-31,18:36:13,-07:00,2025-10-31T18:36:13-07:00,6,16
projects/projects.js,93,js,be0e8507,willchiu,2025-10-31,18:36:13,-07:00,2025-10-31T18:36:13-07:00,6,22
projects/projects.js,94,js,be0e8507,willchiu,2025-10-31,18:36:13,-07:00,2025-10-31T18:36:13-07:00,8,43
projects/projects.js,95,js,be0e8507,willchiu,2025-10-31,18:36:13,-07:00,2025-10-31T18:36:13-07:00,10,85
projects/projects.js,96,js,be0e8507,willchiu,2025-10-31,18:36:13,-07:00,2025-10-31T18:36:13-07:00,8,0
projects/projects.js,97,js,be0e8507,willchiu,2025-10-31,18:36:13,-07:00,2025-10-31T18:36:13-07:00,6,0
projects/projects.js,98,js,be0e8507,willchiu,2025-10-31,18:36:13,-07:00,2025-10-31T18:36:13-07:00,6,21
projects/projects.js,99,js,be0e8507,willchiu,2025-10-31,18:36:13,-07:00,2025-10-31T18:36:13-07:00,8,147
projects/projects.js,100,js,be0e8507,willchiu,2025-10-31,18:36:13,-07:00,2025-10-31T18:36:13-07:00,6,0
projects/projects.js,101,js,be0e8507,willchiu,2025-10-31,18:36:13,-07:00,2025-10-31T18:36:13-07:00,6,24
projects/projects.js,102,js,be0e8507,willchiu,2025-10-31,18:36:13,-07:00,2025-10-31T18:36:13-07:00,8,17
projects/projects.js,103,js,be0e8507,willchiu,2025-10-31,18:36:13,-07:00,2025-10-31T18:36:13-07:00,8,33
projects/projects.js,104,js,be0e8507,willchiu,2025-10-31,18:36:13,-07:00,2025-10-31T18:36:13-07:00,8,49
projects/projects.js,105,js,be0e8507,willchiu,2025-10-31,18:36:13,-07:00,2025-10-31T18:36:13-07:00,0,0
projects/projects.js,106,js,be0e8507,willchiu,2025-10-31,18:36:13,-07:00,2025-10-31T18:36:13-07:00,8,69
projects/projects.js,107,js,be0e8507,willchiu,2025-10-31,18:36:13,-07:00,2025-10-31T18:36:13-07:00,8,59
projects/projects.js,108,js,be0e8507,willchiu,2025-10-31,18:36:13,-07:00,2025-10-31T18:36:13-07:00,8,41
projects/projects.js,109,js,be0e8507,willchiu,2025-10-31,18:36:13,-07:00,2025-10-31T18:36:13-07:00,6,1
projects/projects.js,110,js,be0e8507,willchiu,2025-10-31,18:36:13,-07:00,2025-10-31T18:36:13-07:00,2,1
projects/projects.js,111,js,be0e8507,willchiu,2025-10-31,18:36:13,-07:00,2025-10-31T18:36:13-07:00,0,0
projects/projects.js,112,js,be0e8507,willchiu,2025-10-31,18:36:13,-07:00,2025-10-31T18:36:13-07:00,2,34
projects/projects.js,113,js,be0e8507,willchiu,2025-10-31,18:36:13,-07:00,2025-10-31T18:36:13-07:00,2,30
projects/projects.js,114,js,be0e8507,willchiu,2025-10-31,18:36:13,-07:00,2025-10-31T18:36:13-07:00,2,32
projects/projects.js,115,js,be0e8507,willchiu,2025-10-31,18:36:13,-07:00,2025-10-31T18:36:13-07:00,4,42
projects/projects.js,116,js,be0e8507,willchiu,2025-10-31,18:36:13,-07:00,2025-10-31T18:36:13-07:00,4,4
projects/projects.js,117,js,be0e8507,willchiu,2025-10-31,18:36:13,-07:00,2025-10-31T18:36:13-07:00,6,11
projects/projects.js,118,js,be0e8507,willchiu,2025-10-31,18:36:13,-07:00,2025-10-31T18:36:13-07:00,6,38
projects/projects.js,119,js,be0e8507,willchiu,2025-10-31,18:36:13,-07:00,2025-10-31T18:36:13-07:00,6,42
projects/projects.js,120,js,be0e8507,willchiu,2025-10-31,18:36:13,-07:00,2025-10-31T18:36:13-07:00,6,4
projects/projects.js,121,js,be0e8507,willchiu,2025-10-31,18:36:13,-07:00,2025-10-31T18:36:13-07:00,8,61
projects/projects.js,122,js,be0e8507,willchiu,2025-10-31,18:36:13,-07:00,2025-10-31T18:36:13-07:00,6,0
projects/projects.js,123,js,be0e8507,willchiu,2025-10-31,18:36:13,-07:00,2025-10-31T18:36:13-07:00,6,22
projects/projects.js,124,js,be0e8507,willchiu,2025-10-31,18:36:13,-07:00,2025-10-31T18:36:13-07:00,8,16
projects/projects.js,125,js,be0e8507,willchiu,2025-10-31,18:36:13,-07:00,2025-10-31T18:36:13-07:00,10,57
projects/projects.js,126,js,be0e8507,willchiu,2025-10-31,18:36:13,-07:00,2025-10-31T18:36:13-07:00,8,0
projects/projects.js,127,js,be0e8507,willchiu,2025-10-31,18:36:13,-07:00,2025-10-31T18:36:13-07:00,6,0
projects/projects.js,128,js,be0e8507,willchiu,2025-10-31,18:36:13,-07:00,2025-10-31T18:36:13-07:00,6,21
projects/projects.js,129,js,be0e8507,willchiu,2025-10-31,18:36:13,-07:00,2025-10-31T18:36:13-07:00,8,147
projects/projects.js,130,js,be0e8507,willchiu,2025-10-31,18:36:13,-07:00,2025-10-31T18:36:13-07:00,6,0
projects/projects.js,131,js,be0e8507,willchiu,2025-10-31,18:36:13,-07:00,2025-10-31T18:36:13-07:00,6,18
projects/projects.js,132,js,be0e8507,willchiu,2025-10-31,18:36:13,-07:00,2025-10-31T18:36:13-07:00,8,55
projects/projects.js,133,js,be0e8507,willchiu,2025-10-31,18:36:13,-07:00,2025-10-31T18:36:13-07:00,8,69
projects/projects.js,134,js,be0e8507,willchiu,2025-10-31,18:36:13,-07:00,2025-10-31T18:36:13-07:00,8,59
projects/projects.js,135,js,be0e8507,willchiu,2025-10-31,18:36:13,-07:00,2025-10-31T18:36:13-07:00,8,41
projects/projects.js,136,js,be0e8507,willchiu,2025-10-31,18:36:13,-07:00,2025-10-31T18:36:13-07:00,6,1
projects/projects.js,137,js,be0e8507,willchiu,2025-10-31,18:36:13,-07:00,2025-10-31T18:36:13-07:00,2,1
projects/projects.js,138,js,be0e8507,willchiu,2025-10-31,18:36:13,-07:00,2025-10-31T18:36:13-07:00,0,0
projects/projects.js,139,js,be0e8507,willchiu,2025-10-31,18:36:13,-07:00,2025-10-31T18:36:13-07:00,0,0
projects/projects.js,140,js,be0e8507,willchiu,2025-10-31,18:36:13,-07:00,2025-10-31T18:36:13-07:00,0,48
projects/projects.js,141,js,be0e8507,willchiu,2025-10-31,18:36:13,-07:00,2025-10-31T18:36:13-07:00,2,39
projects/projects.js,142,js,be0e8507,willchiu,2025-10-31,18:36:13,-07:00,2025-10-31T18:36:13-07:00,2,13
projects/projects.js,143,js,be0e8507,willchiu,2025-10-31,18:36:13,-07:00,2025-10-31T18:36:13-07:00,0,1
projects/projects.js,144,js,be0e8507,willchiu,2025-10-31,18:36:13,-07:00,2025-10-31T18:36:13-07:00,0,0
projects/projects.js,145,js,be0e8507,willchiu,2025-10-31,18:36:13,-07:00,2025-10-31T18:36:13-07:00,0,15
projects/projects.js,146,js,be0e8507,willchiu,2025-10-31,18:36:13,-07:00,2025-10-31T18:36:13-07:00,0,56
projects/projects.js,147,js,be0e8507,willchiu,2025-10-31,18:36:13,-07:00,2025-10-31T18:36:13-07:00,0,37
projects/index.html,1,html,19335657,willchiu,2025-10-03,14:44:16,-07:00,2025-10-03T14:44:16-07:00,0,13
projects/index.html,2,html,e38648c2,willchiu,2025-10-18,00:45:28,-07:00,2025-10-18T00:45:28-07:00,0,33
projects/index.html,3,html,19335657,willchiu,2025-10-03,14:44:16,-07:00,2025-10-03T14:44:16-07:00,0,4
projects/index.html,4,html,333f1b92,willchiu,2025-10-10,15:47:50,-07:00,2025-10-10T15:47:50-07:00,1,22
projects/index.html,5,html,333f1b92,willchiu,2025-10-10,15:47:50,-07:00,2025-10-10T15:47:50-07:00,1,70
projects/index.html,6,html,333f1b92,willchiu,2025-10-10,15:47:50,-07:00,2025-10-10T15:47:50-07:00,1,21
projects/index.html,7,html,333f1b92,willchiu,2025-10-10,15:47:50,-07:00,2025-10-10T15:47:50-07:00,1,43
projects/index.html,8,html,e38648c2,willchiu,2025-10-18,00:45:28,-07:00,2025-10-18T00:45:28-07:00,1,54
projects/index.html,9,html,19335657,willchiu,2025-10-03,14:44:16,-07:00,2025-10-03T14:44:16-07:00,0,5
projects/index.html,10,html,19335657,willchiu,2025-10-03,14:44:16,-07:00,2025-10-03T14:44:16-07:00,0,4
projects/index.html,11,html,333f1b92,willchiu,2025-10-10,15:47:50,-07:00,2025-10-10T15:47:50-07:00,1,4
projects/index.html,12,html,333f1b92,willchiu,2025-10-10,15:47:50,-07:00,2025-10-10T15:47:50-07:00,2,15
projects/index.html,13,html,333f1b92,willchiu,2025-10-10,15:47:50,-07:00,2025-10-10T15:47:50-07:00,2,63
projects/index.html,14,html,333f1b92,willchiu,2025-10-10,15:47:50,-07:00,2025-10-10T15:47:50-07:00,0,0
projects/index.html,15,html,be0e8507,willchiu,2025-10-31,18:36:13,-07:00,2025-10-31T18:36:13-07:00,2,21
projects/index.html,16,html,be0e8507,willchiu,2025-10-31,18:36:13,-07:00,2025-10-31T18:36:13-07:00,3,58
projects/index.html,17,html,be0e8507,willchiu,2025-10-31,18:36:13,-07:00,2025-10-31T18:36:13-07:00,3,22
projects/index.html,18,html,be0e8507,willchiu,2025-10-31,18:36:13,-07:00,2025-10-31T18:36:13-07:00,2,4
projects/index.html,19,html,be0e8507,willchiu,2025-10-31,18:36:13,-07:00,2025-10-31T18:36:13-07:00,2,4
projects/index.html,20,html,be0e8507,willchiu,2025-10-31,18:36:13,-07:00,2025-10-31T18:36:13-07:00,3,15
projects/index.html,21,html,be0e8507,willchiu,2025-10-31,18:36:13,-07:00,2025-10-31T18:36:13-07:00,3,11
projects/index.html,22,html,be0e8507,willchiu,2025-10-31,18:36:13,-07:00,2025-10-31T18:36:13-07:00,3,26
projects/index.html,23,html,be0e8507,willchiu,2025-10-31,18:36:13,-07:00,2025-10-31T18:36:13-07:00,3,31
projects/index.html,24,html,be0e8507,willchiu,2025-10-31,18:36:13,-07:00,2025-10-31T18:36:13-07:00,2,0
projects/index.html,25,html,333f1b92,willchiu,2025-10-10,15:47:50,-07:00,2025-10-10T15:47:50-07:00,2,24
projects/index.html,26,html,4e3db412,willchiu,2025-10-24,18:14:12,-07:00,2025-10-24T18:14:12-07:00,3,49
projects/index.html,27,html,45f1023d,willchiu,2025-10-03,15:02:02,-07:00,2025-10-03T15:02:02-07:00,2,8
projects/index.html,28,html,4e3db412,willchiu,2025-10-24,18:14:12,-07:00,2025-10-24T18:14:12-07:00,2,53
projects/index.html,29,html,333f1b92,willchiu,2025-10-10,15:47:50,-07:00,2025-10-10T15:47:50-07:00,1,5
projects/index.html,30,html,19335657,willchiu,2025-10-03,14:44:16,-07:00,2025-10-03T14:44:16-07:00,0,5
projects/index.html,31,html,333f1b92,willchiu,2025-10-10,15:47:50,-07:00,2025-10-10T15:47:50-07:00,0,5
contact/index.html,1,html,19335657,willchiu,2025-10-03,14:44:16,-07:00,2025-10-03T14:44:16-07:00,0,13
contact/index.html,2,html,e38648c2,willchiu,2025-10-18,00:45:28,-07:00,2025-10-18T00:45:28-07:00,0,33
contact/index.html,3,html,19335657,willchiu,2025-10-03,14:44:16,-07:00,2025-10-03T14:44:16-07:00,0,4
contact/index.html,4,html,7894101c,willchiu,2025-10-10,15:38:21,-07:00,2025-10-10T15:38:21-07:00,1,22
contact/index.html,5,html,7894101c,willchiu,2025-10-10,15:38:21,-07:00,2025-10-10T15:38:21-07:00,1,70
contact/index.html,6,html,7894101c,willchiu,2025-10-10,15:38:21,-07:00,2025-10-10T15:38:21-07:00,1,21
contact/index.html,7,html,7894101c,willchiu,2025-10-10,15:38:21,-07:00,2025-10-10T15:38:21-07:00,1,43
contact/index.html,8,html,e38648c2,willchiu,2025-10-18,00:45:28,-07:00,2025-10-18T00:45:28-07:00,1,54
contact/index.html,9,html,19335657,willchiu,2025-10-03,14:44:16,-07:00,2025-10-03T14:44:16-07:00,0,5
contact/index.html,10,html,19335657,willchiu,2025-10-03,14:44:16,-07:00,2025-10-03T14:44:16-07:00,0,4
contact/index.html,11,html,7894101c,willchiu,2025-10-10,15:38:21,-07:00,2025-10-10T15:38:21-07:00,1,4
contact/index.html,12,html,45f1023d,willchiu,2025-10-03,15:02:02,-07:00,2025-10-03T15:02:02-07:00,2,14
contact/index.html,13,html,7894101c,willchiu,2025-10-10,15:38:21,-07:00,2025-10-10T15:38:21-07:00,2,69
contact/index.html,14,html,7894101c,willchiu,2025-10-10,15:38:21,-07:00,2025-10-10T15:38:21-07:00,0,0
contact/index.html,15,html,86025de4,willchiu,2025-10-18,00:52:04,-07:00,2025-10-18T00:52:04-07:00,2,54
contact/index.html,16,html,7894101c,willchiu,2025-10-10,15:38:21,-07:00,2025-10-10T15:38:21-07:00,3,22
contact/index.html,17,html,7894101c,willchiu,2025-10-10,15:38:21,-07:00,2025-10-10T15:38:21-07:00,4,31
contact/index.html,18,html,7894101c,willchiu,2025-10-10,15:38:21,-07:00,2025-10-10T15:38:21-07:00,4,53
contact/index.html,19,html,7894101c,willchiu,2025-10-10,15:38:21,-07:00,2025-10-10T15:38:21-07:00,3,4
contact/index.html,20,html,7894101c,willchiu,2025-10-10,15:38:21,-07:00,2025-10-10T15:38:21-07:00,0,0
contact/index.html,21,html,7894101c,willchiu,2025-10-10,15:38:21,-07:00,2025-10-10T15:38:21-07:00,3,22
contact/index.html,22,html,7894101c,willchiu,2025-10-10,15:38:21,-07:00,2025-10-10T15:38:21-07:00,4,35
contact/index.html,23,html,7894101c,willchiu,2025-10-10,15:38:21,-07:00,2025-10-10T15:38:21-07:00,4,44
contact/index.html,24,html,7894101c,willchiu,2025-10-10,15:38:21,-07:00,2025-10-10T15:38:21-07:00,3,4
contact/index.html,25,html,7894101c,willchiu,2025-10-10,15:38:21,-07:00,2025-10-10T15:38:21-07:00,0,0
contact/index.html,26,html,7894101c,willchiu,2025-10-10,15:38:21,-07:00,2025-10-10T15:38:21-07:00,3,22
contact/index.html,27,html,7894101c,willchiu,2025-10-10,15:38:21,-07:00,2025-10-10T15:38:21-07:00,4,32
contact/index.html,28,html,7894101c,willchiu,2025-10-10,15:38:21,-07:00,2025-10-10T15:38:21-07:00,4,59
contact/index.html,29,html,7894101c,willchiu,2025-10-10,15:38:21,-07:00,2025-10-10T15:38:21-07:00,3,4
contact/index.html,30,html,7894101c,willchiu,2025-10-10,15:38:21,-07:00,2025-10-10T15:38:21-07:00,0,0
contact/index.html,31,html,7894101c,willchiu,2025-10-10,15:38:21,-07:00,2025-10-10T15:38:21-07:00,3,33
contact/index.html,32,html,45f1023d,willchiu,2025-10-03,15:02:02,-07:00,2025-10-03T15:02:02-07:00,2,5
contact/index.html,33,html,7894101c,willchiu,2025-10-10,15:38:21,-07:00,2025-10-10T15:38:21-07:00,1,5
contact/index.html,34,html,19335657,willchiu,2025-10-03,14:44:16,-07:00,2025-10-03T14:44:16-07:00,0,5
contact/index.html,35,html,7894101c,willchiu,2025-10-10,15:38:21,-07:00,2025-10-10T15:38:21-07:00,0,5
